id,IpToCountry.java,zksample2\\spring-hibernate-backend\\src\\main\\java\\de\\forsthaus\\backend\\model\\IpToCountry.java,"<id name=""id"" type=""long"">",14,IpToCountry.hbm.xml,zksample2\spring-hibernate-backend\src\main\resources\de\forsthaus\backend\model\IpToCountry.hbm.xml
id,SecRole.java,zksample2\\spring-hibernate-backend\\src\\main\\java\\de\\forsthaus\\backend\\model\\SecRole.java,"<id name=""id"" type=""long"">",13,SecRole.hbm.xml,zksample2\spring-hibernate-backend\src\main\resources\de\forsthaus\backend\model\SecRole.hbm.xml
id,Branche.java,zksample2\\spring-hibernate-backend\\src\\main\\java\\de\\forsthaus\\backend\\model\\Branche.java,"<id name=""id"" type=""long"">",14,Branche.hbm.xml,zksample2\spring-hibernate-backend\src\main\resources\de\forsthaus\backend\model\Branche.hbm.xml
id,Order.java,zksample2\\spring-hibernate-backend\\src\\main\\java\\de\\forsthaus\\backend\\model\\Order.java,"<id name=""id"" type=""long"">",13,Order.hbm.xml,zksample2\spring-hibernate-backend\src\main\resources\de\forsthaus\backend\model\Order.hbm.xml
id,HibernateStatistics.java,zksample2\\spring-hibernate-backend\\src\\main\\java\\de\\forsthaus\\backend\\model\\HibernateStatistics.java,"<id name=""id"" type=""long"" column=""id"">",9,HibernateStatistics.hbm.xml,zksample2\spring-hibernate-backend\src\main\resources\de\forsthaus\backend\model\HibernateStatistics.hbm.xml
id,SecUserrole.java,zksample2\\spring-hibernate-backend\\src\\main\\java\\de\\forsthaus\\backend\\model\\SecUserrole.java,"<id name=""id"" type=""long"">",13,SecUserrole.hbm.xml,zksample2\spring-hibernate-backend\src\main\resources\de\forsthaus\backend\model\SecUserrole.hbm.xml
id,CountryCode.java,zksample2\\spring-hibernate-backend\\src\\main\\java\\de\\forsthaus\\backend\\model\\CountryCode.java,"<id name=""id"" type=""long"">",14,CountryCode.hbm.xml,zksample2\spring-hibernate-backend\src\main\resources\de\forsthaus\backend\model\CountryCode.hbm.xml
id,YoutubeLink.java,zksample2\\spring-hibernate-backend\\src\\main\\java\\de\\forsthaus\\backend\\model\\YoutubeLink.java,"<id name=""id"" type=""long"">",14,YoutubeLink.hbm.xml,zksample2\spring-hibernate-backend\src\main\resources\de\forsthaus\backend\model\YoutubeLink.hbm.xml
id,SecRight.java,zksample2\\spring-hibernate-backend\\src\\main\\java\\de\\forsthaus\\backend\\model\\SecRight.java,"<id name=""id"" type=""long"">",13,SecRight.hbm.xml,zksample2\spring-hibernate-backend\src\main\resources\de\forsthaus\backend\model\SecRight.hbm.xml
id,SecRolegroup.java,zksample2\\spring-hibernate-backend\\src\\main\\java\\de\\forsthaus\\backend\\model\\SecRolegroup.java,"<id name=""id"" type=""long"">",13,SecRolegroup.hbm.xml,zksample2\spring-hibernate-backend\src\main\resources\de\forsthaus\backend\model\SecRolegroup.hbm.xml
id,Ip2Country.java,zksample2\\spring-hibernate-backend\\src\\main\\java\\de\\forsthaus\\backend\\model\\Ip2Country.java,"<id name=""id"" type=""long"">",14,Ip2Country.hbm.xml,zksample2\spring-hibernate-backend\src\main\resources\de\forsthaus\backend\model\Ip2Country.hbm.xml
id,HibernateEntityStatistics.java,zksample2\\spring-hibernate-backend\\src\\main\\java\\de\\forsthaus\\backend\\model\\HibernateEntityStatistics.java,"<id name=""id"" type=""long"" column=""id"">",9,HibernateEntityStatistics.hbm.xml,zksample2\spring-hibernate-backend\src\main\resources\de\forsthaus\backend\model\HibernateEntityStatistics.hbm.xml
id,SecLoginlog.java,zksample2\\spring-hibernate-backend\\src\\main\\java\\de\\forsthaus\\backend\\model\\SecLoginlog.java,"<id name=""id"" type=""long"">",13,SecLoginlog.hbm.xml,zksample2\spring-hibernate-backend\src\main\resources\de\forsthaus\backend\model\SecLoginlog.hbm.xml
id,MyCalendarEvent.java,zksample2\\spring-hibernate-backend\\src\\main\\java\\de\\forsthaus\\backend\\model\\MyCalendarEvent.java,"<id name=""id"" type=""long"">",13,MyCalendarEvent.hbm.xml,zksample2\spring-hibernate-backend\src\main\resources\de\forsthaus\backend\model\MyCalendarEvent.hbm.xml
id,GuestBook.java,zksample2\\spring-hibernate-backend\\src\\main\\java\\de\\forsthaus\\backend\\model\\GuestBook.java,"<id name=""id"" type=""long"">",13,GuestBook.hbm.xml,zksample2\spring-hibernate-backend\src\main\resources\de\forsthaus\backend\model\GuestBook.hbm.xml
id,SecGroupright.java,zksample2\\spring-hibernate-backend\\src\\main\\java\\de\\forsthaus\\backend\\model\\SecGroupright.java,"<id name=""id"" type=""long"">",14,SecGroupright.hbm.xml,zksample2\spring-hibernate-backend\src\main\resources\de\forsthaus\backend\model\SecGroupright.hbm.xml
id,SecUser.java,zksample2\\spring-hibernate-backend\\src\\main\\java\\de\\forsthaus\\backend\\model\\SecUser.java,"<id name=""id"" type=""long"">",13,SecUser.hbm.xml,zksample2\spring-hibernate-backend\src\main\resources\de\forsthaus\backend\model\SecUser.hbm.xml
id,Ip4Country.java,zksample2\\spring-hibernate-backend\\src\\main\\java\\de\\forsthaus\\backend\\model\\Ip4Country.java,"<id name=""id"" type=""long"">",14,Ip4Country.hbm.xml,zksample2\spring-hibernate-backend\src\main\resources\de\forsthaus\backend\model\Ip4Country.hbm.xml
id,SecGroup.java,zksample2\\spring-hibernate-backend\\src\\main\\java\\de\\forsthaus\\backend\\model\\SecGroup.java,"<id name=""id"" type=""long"">",13,SecGroup.hbm.xml,zksample2\spring-hibernate-backend\src\main\resources\de\forsthaus\backend\model\SecGroup.hbm.xml
id,Article.java,zksample2\\spring-hibernate-backend\\src\\main\\java\\de\\forsthaus\\backend\\model\\Article.java,"<id name=""id"" type=""long"">",13,Article.hbm.xml,zksample2\spring-hibernate-backend\src\main\resources\de\forsthaus\backend\model\Article.hbm.xml
id,ApplicationNews.java,zksample2\\spring-hibernate-backend\\src\\main\\java\\de\\forsthaus\\backend\\model\\ApplicationNews.java,"<id name=""id"" type=""long"">",8,ApplicationNews.hbm.xml,zksample2\spring-hibernate-backend\src\main\resources\de\forsthaus\backend\model\ApplicationNews.hbm.xml
id,Office.java,zksample2\\spring-hibernate-backend\\src\\main\\java\\de\\forsthaus\\backend\\model\\Office.java,"<id name=""id"" type=""long"">",14,Office.hbm.xml,zksample2\spring-hibernate-backend\src\main\resources\de\forsthaus\backend\model\Office.hbm.xml
id,Customer.java,zksample2\\spring-hibernate-backend\\src\\main\\java\\de\\forsthaus\\backend\\model\\Customer.java,"<id name=""id"" type=""long"">",13,Customer.hbm.xml,zksample2\spring-hibernate-backend\src\main\resources\de\forsthaus\backend\model\Customer.hbm.xml
id,Orderposition.java,zksample2\\spring-hibernate-backend\\src\\main\\java\\de\\forsthaus\\backend\\model\\Orderposition.java,"<id name=""id"" type=""long"">",13,Orderposition.hbm.xml,zksample2\spring-hibernate-backend\src\main\resources\de\forsthaus\backend\model\Orderposition.hbm.xml
version,YoutubeLink.java,zksample2\\spring-hibernate-backend\\src\\main\\java\\de\\forsthaus\\backend\\model\\YoutubeLink.java,"<version name=""version"" column=""VERSION"" type=""integer"" />",24,YoutubeLink.hbm.xml,zksample2\spring-hibernate-backend\src\main\resources\de\forsthaus\backend\model\YoutubeLink.hbm.xml
version,Ip2Country.java,zksample2\\spring-hibernate-backend\\src\\main\\java\\de\\forsthaus\\backend\\model\\Ip2Country.java,"<version name=""version"" column=""VERSION"" type=""integer"" />",24,Ip2Country.hbm.xml,zksample2\spring-hibernate-backend\src\main\resources\de\forsthaus\backend\model\Ip2Country.hbm.xml
version,MyCalendarEvent.java,zksample2\\spring-hibernate-backend\\src\\main\\java\\de\\forsthaus\\backend\\model\\MyCalendarEvent.java,"<version name=""version"" column=""VERSION"" type=""integer"" />",23,MyCalendarEvent.hbm.xml,zksample2\spring-hibernate-backend\src\main\resources\de\forsthaus\backend\model\MyCalendarEvent.hbm.xml
version,Ip4Country.java,zksample2\\spring-hibernate-backend\\src\\main\\java\\de\\forsthaus\\backend\\model\\Ip4Country.java,"<version name=""version"" column=""VERSION"" type=""integer"" />",24,Ip4Country.hbm.xml,zksample2\spring-hibernate-backend\src\main\resources\de\forsthaus\backend\model\Ip4Country.hbm.xml
version,Order.java,zksample2\\spring-hibernate-backend\\src\\main\\java\\de\\forsthaus\\backend\\model\\Order.java,"<version name=""version"" column=""version"" type=""int"" />",23,Order.hbm.xml,zksample2\spring-hibernate-backend\src\main\resources\de\forsthaus\backend\model\Order.hbm.xml
version,SecLoginlog.java,zksample2\\spring-hibernate-backend\\src\\main\\java\\de\\forsthaus\\backend\\model\\SecLoginlog.java,"<version name=""version"" column=""VERSION"" type=""integer"" />",23,SecLoginlog.hbm.xml,zksample2\spring-hibernate-backend\src\main\resources\de\forsthaus\backend\model\SecLoginlog.hbm.xml
version,SecUser.java,zksample2\\spring-hibernate-backend\\src\\main\\java\\de\\forsthaus\\backend\\model\\SecUser.java,"<version name=""version"" column=""VERSION"" type=""integer"" />",23,SecUser.hbm.xml,zksample2\spring-hibernate-backend\src\main\resources\de\forsthaus\backend\model\SecUser.hbm.xml
version,SecRolegroup.java,zksample2\\spring-hibernate-backend\\src\\main\\java\\de\\forsthaus\\backend\\model\\SecRolegroup.java,"<version name=""version"" column=""VERSION"" type=""integer"" />",23,SecRolegroup.hbm.xml,zksample2\spring-hibernate-backend\src\main\resources\de\forsthaus\backend\model\SecRolegroup.hbm.xml
version,Office.java,zksample2\\spring-hibernate-backend\\src\\main\\java\\de\\forsthaus\\backend\\model\\Office.java,"<version name=""version"" column=""VERSION"" type=""integer"" />",24,Office.hbm.xml,zksample2\spring-hibernate-backend\src\main\resources\de\forsthaus\backend\model\Office.hbm.xml
version,Branche.java,zksample2\\spring-hibernate-backend\\src\\main\\java\\de\\forsthaus\\backend\\model\\Branche.java,"<version name=""version"" column=""VERSION"" type=""integer"" />",24,Branche.hbm.xml,zksample2\spring-hibernate-backend\src\main\resources\de\forsthaus\backend\model\Branche.hbm.xml
version,Orderposition.java,zksample2\\spring-hibernate-backend\\src\\main\\java\\de\\forsthaus\\backend\\model\\Orderposition.java,"<version name=""version"" column=""VERSION"" type=""integer"" />",23,Orderposition.hbm.xml,zksample2\spring-hibernate-backend\src\main\resources\de\forsthaus\backend\model\Orderposition.hbm.xml
version,GuestBook.java,zksample2\\spring-hibernate-backend\\src\\main\\java\\de\\forsthaus\\backend\\model\\GuestBook.java,"<version name=""version"" column=""VERSION"" type=""integer"" />",23,GuestBook.hbm.xml,zksample2\spring-hibernate-backend\src\main\resources\de\forsthaus\backend\model\GuestBook.hbm.xml
version,Article.java,zksample2\\spring-hibernate-backend\\src\\main\\java\\de\\forsthaus\\backend\\model\\Article.java,"<version name=""version"" column=""VERSION"" type=""integer"" />",23,Article.hbm.xml,zksample2\spring-hibernate-backend\src\main\resources\de\forsthaus\backend\model\Article.hbm.xml
version,SecRight.java,zksample2\\spring-hibernate-backend\\src\\main\\java\\de\\forsthaus\\backend\\model\\SecRight.java,"<version name=""version"" column=""VERSION"" type=""integer"" />",23,SecRight.hbm.xml,zksample2\spring-hibernate-backend\src\main\resources\de\forsthaus\backend\model\SecRight.hbm.xml
version,IpToCountry.java,zksample2\\spring-hibernate-backend\\src\\main\\java\\de\\forsthaus\\backend\\model\\IpToCountry.java,"<version name=""version"" column=""VERSION"" type=""integer"" />",24,IpToCountry.hbm.xml,zksample2\spring-hibernate-backend\src\main\resources\de\forsthaus\backend\model\IpToCountry.hbm.xml
version,SecUserrole.java,zksample2\\spring-hibernate-backend\\src\\main\\java\\de\\forsthaus\\backend\\model\\SecUserrole.java,"<version name=""version"" column=""VERSION"" type=""integer"" />",23,SecUserrole.hbm.xml,zksample2\spring-hibernate-backend\src\main\resources\de\forsthaus\backend\model\SecUserrole.hbm.xml
version,SecRole.java,zksample2\\spring-hibernate-backend\\src\\main\\java\\de\\forsthaus\\backend\\model\\SecRole.java,"<version name=""version"" column=""VERSION"" type=""integer"" />",23,SecRole.hbm.xml,zksample2\spring-hibernate-backend\src\main\resources\de\forsthaus\backend\model\SecRole.hbm.xml
version,SecGroup.java,zksample2\\spring-hibernate-backend\\src\\main\\java\\de\\forsthaus\\backend\\model\\SecGroup.java,"<version name=""version"" column=""VERSION"" type=""integer"" />",23,SecGroup.hbm.xml,zksample2\spring-hibernate-backend\src\main\resources\de\forsthaus\backend\model\SecGroup.hbm.xml
version,Customer.java,zksample2\\spring-hibernate-backend\\src\\main\\java\\de\\forsthaus\\backend\\model\\Customer.java,"<version name=""version"" column=""VERSION"" type=""integer"" />",23,Customer.hbm.xml,zksample2\spring-hibernate-backend\src\main\resources\de\forsthaus\backend\model\Customer.hbm.xml
version,ApplicationNews.java,zksample2\\spring-hibernate-backend\\src\\main\\java\\de\\forsthaus\\backend\\model\\ApplicationNews.java,"<version name=""version"" column=""VERSION"" type=""integer"" />",18,ApplicationNews.hbm.xml,zksample2\spring-hibernate-backend\src\main\resources\de\forsthaus\backend\model\ApplicationNews.hbm.xml
version,CountryCode.java,zksample2\\spring-hibernate-backend\\src\\main\\java\\de\\forsthaus\\backend\\model\\CountryCode.java,"<version name=""version"" column=""VERSION"" type=""integer"" />",24,CountryCode.hbm.xml,zksample2\spring-hibernate-backend\src\main\resources\de\forsthaus\backend\model\CountryCode.hbm.xml
version,SecGroupright.java,zksample2\\spring-hibernate-backend\\src\\main\\java\\de\\forsthaus\\backend\\model\\SecGroupright.java,"<version name=""version"" column=""VERSION"" type=""integer"" />",24,SecGroupright.hbm.xml,zksample2\spring-hibernate-backend\src\main\resources\de\forsthaus\backend\model\SecGroupright.hbm.xml
url,YoutubeLink.java,zksample2\\spring-hibernate-backend\\src\\main\\java\\de\\forsthaus\\backend\\model\\YoutubeLink.java,"<property name=""url"" type=""string"">",32,YoutubeLink.hbm.xml,zksample2\spring-hibernate-backend\src\main\resources\de\forsthaus\backend\model\YoutubeLink.hbm.xml
zulNavigation,MenuItemDomain.java,zksample2\\zkoss\\src\\main\\java\\de\\forsthaus\\common\\menu\\domain\\MenuItemDomain.java,"<menuItem id=""menu_Item_Documentation"" zulNavigation=""/WEB-INF/pages/documentation/documentation.zul""",38,mainmenu.xml,zksample2\zkoss\src\main\resources\mainmenu.xml
zulNavigation,MenuItemDomain.java,zksample2\\zkoss\\src\\main\\java\\de\\forsthaus\\common\\menu\\domain\\MenuItemDomain.java,"<menuItem id=""menu_Item_UserRoles"" zulNavigation=""/WEB-INF/pages/sec_userrole/secUserrole.zul""",71,mainmenu.xml,zksample2\zkoss\src\main\resources\mainmenu.xml
securityService,SecRightListCtrl.java,zksample2\\zkoss\\src\\main\\java\\de\\forsthaus\\webui\\security\\right\\SecRightListCtrl.java,"<property name=""securityService"" ref=""securityService"" />",214,applicationContext-guiControllers.xml,zksample2\zkoss\src\main\resources\applicationContext-guiControllers.xml
securityService,AddGrouprightDialogCtrl.java,zksample2\\zkoss\\src\\main\\java\\de\\forsthaus\\webui\\security\\groupright\\AddGrouprightDialogCtrl.java,"<property name=""securityService"" ref=""securityService"" />",209,applicationContext-guiControllers.xml,zksample2\zkoss\src\main\resources\applicationContext-guiControllers.xml
securityService,SecGrouprightCtrl.java,zksample2\\zkoss\\src\\main\\java\\de\\forsthaus\\webui\\security\\groupright\\SecGrouprightCtrl.java,"<property name=""securityService"" ref=""securityService"" />",203,applicationContext-guiControllers.xml,zksample2\zkoss\src\main\resources\applicationContext-guiControllers.xml
securityService,SecUserroleCtrl.java,zksample2\\zkoss\\src\\main\\java\\de\\forsthaus\\webui\\security\\userrole\\SecUserroleCtrl.java,"<property name=""securityService"" ref=""securityService"" />",236,applicationContext-guiControllers.xml,zksample2\zkoss\src\main\resources\applicationContext-guiControllers.xml
securityService,SecRolegroupCtrl.java,zksample2\\zkoss\\src\\main\\java\\de\\forsthaus\\webui\\security\\rolegroup\\SecRolegroupCtrl.java,"<property name=""securityService"" ref=""securityService"" />",230,applicationContext-guiControllers.xml,zksample2\zkoss\src\main\resources\applicationContext-guiControllers.xml
securityService,SecGroupDialogCtrl.java,zksample2\\zkoss\\src\\main\\java\\de\\forsthaus\\webui\\security\\group\\SecGroupDialogCtrl.java,"<property name=""securityService"" ref=""securityService"" />",198,applicationContext-guiControllers.xml,zksample2\zkoss\src\main\resources\applicationContext-guiControllers.xml
securityService,SecGroupListCtrl.java,zksample2\\zkoss\\src\\main\\java\\de\\forsthaus\\webui\\security\\group\\SecGroupListCtrl.java,"<property name=""securityService"" ref=""securityService"" />",194,applicationContext-guiControllers.xml,zksample2\zkoss\src\main\resources\applicationContext-guiControllers.xml
securityService,SecRoleDialogCtrl.java,zksample2\\zkoss\\src\\main\\java\\de\\forsthaus\\webui\\security\\role\\SecRoleDialogCtrl.java,"<property name=""securityService"" ref=""securityService"" />",225,applicationContext-guiControllers.xml,zksample2\zkoss\src\main\resources\applicationContext-guiControllers.xml
securityService,SecRoleListCtrl.java,zksample2\\zkoss\\src\\main\\java\\de\\forsthaus\\webui\\security\\role\\SecRoleListCtrl.java,"<property name=""securityService"" ref=""securityService"" />",222,applicationContext-guiControllers.xml,zksample2\zkoss\src\main\resources\applicationContext-guiControllers.xml
securityService,SecRightDialogCtrl.java,zksample2\\zkoss\\src\\main\\java\\de\\forsthaus\\webui\\security\\right\\SecRightDialogCtrl.java,"<property name=""securityService"" ref=""securityService"" />",218,applicationContext-guiControllers.xml,zksample2\zkoss\src\main\resources\applicationContext-guiControllers.xml
title,YoutubeLink.java,zksample2\\spring-hibernate-backend\\src\\main\\java\\de\\forsthaus\\backend\\model\\YoutubeLink.java,"<property name=""title"" type=""string"">",29,YoutubeLink.hbm.xml,zksample2\spring-hibernate-backend\src\main\resources\de\forsthaus\backend\model\YoutubeLink.hbm.xml
title,MyCalendarEvent.java,zksample2\\spring-hibernate-backend\\src\\main\\java\\de\\forsthaus\\backend\\model\\MyCalendarEvent.java,"<property name=""title"" type=""string"">",25,MyCalendarEvent.hbm.xml,zksample2\spring-hibernate-backend\src\main\resources\de\forsthaus\backend\model\MyCalendarEvent.hbm.xml
brancheService,CustomerListCtrl.java,zksample2\\zkoss\\src\\main\\java\\de\\forsthaus\\webui\\customer\\CustomerListCtrl.java,"<property name=""brancheService"" ref=""brancheService"" />",74,applicationContext-guiControllers.xml,zksample2\zkoss\src\main\resources\applicationContext-guiControllers.xml
brancheService,OrderListCtrl.java,zksample2\\zkoss\\src\\main\\java\\de\\forsthaus\\webui\\order\\OrderListCtrl.java,"<property name=""brancheService"" ref=""brancheService"" />",140,applicationContext-guiControllers.xml,zksample2\zkoss\src\main\resources\applicationContext-guiControllers.xml
brancheService,BranchListCtrl.java,zksample2\\zkoss\\src\\main\\java\\de\\forsthaus\\webui\\branch\\BranchListCtrl.java,"<property name=""brancheService"" ref=""brancheService"" />",65,applicationContext-guiControllers.xml,zksample2\zkoss\src\main\resources\applicationContext-guiControllers.xml
brancheService,OrderDialogCtrl.java,zksample2\\zkoss\\src\\main\\java\\de\\forsthaus\\webui\\order\\OrderDialogCtrl.java,"<property name=""brancheService"" ref=""brancheService"" />",148,applicationContext-guiControllers.xml,zksample2\zkoss\src\main\resources\applicationContext-guiControllers.xml
brancheService,BranchDetailCtrl.java,zksample2\\zkoss\\src\\main\\java\\de\\forsthaus\\webui\\branch\\BranchDetailCtrl.java,"<property name=""brancheService"" ref=""brancheService"" />",69,applicationContext-guiControllers.xml,zksample2\zkoss\src\main\resources\applicationContext-guiControllers.xml
brancheService,OrderPositionDialogCtrl.java,zksample2\\zkoss\\src\\main\\java\\de\\forsthaus\\webui\\order\\OrderPositionDialogCtrl.java,"<property name=""brancheService"" ref=""brancheService"" />",156,applicationContext-guiControllers.xml,zksample2\zkoss\src\main\resources\applicationContext-guiControllers.xml
brancheService,CustomerDialogCtrl.java,zksample2\\zkoss\\src\\main\\java\\de\\forsthaus\\webui\\customer\\CustomerDialogCtrl.java,"<property name=""brancheService"" ref=""brancheService"" />",78,applicationContext-guiControllers.xml,zksample2\zkoss\src\main\resources\applicationContext-guiControllers.xml
brancheService,CustomerSearchCtrl.java,zksample2\\zkoss\\src\\main\\java\\de\\forsthaus\\webui\\customer\\CustomerSearchCtrl.java,"<property name=""brancheService"" ref=""brancheService"" />",87,applicationContext-guiControllers.xml,zksample2\zkoss\src\main\resources\applicationContext-guiControllers.xml
brancheService,BranchMainCtrl.java,zksample2\\zkoss\\src\\main\\java\\de\\forsthaus\\webui\\branch\\BranchMainCtrl.java,"<property name=""brancheService"" ref=""brancheService"" />",59,applicationContext-guiControllers.xml,zksample2\zkoss\src\main\resources\applicationContext-guiControllers.xml
customerService,OrderListCtrl.java,zksample2\\zkoss\\src\\main\\java\\de\\forsthaus\\webui\\order\\OrderListCtrl.java,"<property name=""customerService"" ref=""customerService"" />",139,applicationContext-guiControllers.xml,zksample2\zkoss\src\main\resources\applicationContext-guiControllers.xml
customerService,ReportServiceImpl.java,zksample2\\zkoss\\src\\main\\java\\de\\forsthaus\\services\\report\\service\\impl\\ReportServiceImpl.java,"<property name=""customerService"" ref=""customerService"" />",249,applicationContext-guiControllers.xml,zksample2\zkoss\src\main\resources\applicationContext-guiControllers.xml
customerService,OrderPositionDialogCtrl.java,zksample2\\zkoss\\src\\main\\java\\de\\forsthaus\\webui\\order\\OrderPositionDialogCtrl.java,"<property name=""customerService"" ref=""customerService"" />",155,applicationContext-guiControllers.xml,zksample2\zkoss\src\main\resources\applicationContext-guiControllers.xml
customerService,CustomerDialogCtrl.java,zksample2\\zkoss\\src\\main\\java\\de\\forsthaus\\webui\\customer\\CustomerDialogCtrl.java,"<property name=""customerService"" ref=""customerService"" />",79,applicationContext-guiControllers.xml,zksample2\zkoss\src\main\resources\applicationContext-guiControllers.xml
customerService,CustomerListCtrl.java,zksample2\\zkoss\\src\\main\\java\\de\\forsthaus\\webui\\customer\\CustomerListCtrl.java,"<property name=""customerService"" ref=""customerService"" />",75,applicationContext-guiControllers.xml,zksample2\zkoss\src\main\resources\applicationContext-guiControllers.xml
customerService,CustomerSearchCtrl.java,zksample2\\zkoss\\src\\main\\java\\de\\forsthaus\\webui\\customer\\CustomerSearchCtrl.java,"<property name=""customerService"" ref=""customerService"" />",88,applicationContext-guiControllers.xml,zksample2\zkoss\src\main\resources\applicationContext-guiControllers.xml
customerService,OrderDialogCtrl.java,zksample2\\zkoss\\src\\main\\java\\de\\forsthaus\\webui\\order\\OrderDialogCtrl.java,"<property name=""customerService"" ref=""customerService"" />",147,applicationContext-guiControllers.xml,zksample2\zkoss\src\main\resources\applicationContext-guiControllers.xml
officeDAO,ReportServiceImpl.java,zksample2\\zkoss\\src\\main\\java\\de\\forsthaus\\services\\report\\service\\impl\\ReportServiceImpl.java,"<property name=""officeDAO"" ref=""officeDAO"" />",246,applicationContext-guiControllers.xml,zksample2\zkoss\src\main\resources\applicationContext-guiControllers.xml
officeDAO,CustomerServiceImpl.java,zksample2\\spring-hibernate-backend\\src\\main\\java\\de\\forsthaus\\backend\\service\\impl\\CustomerServiceImpl.java,"<property name=""officeDAO"" ref=""officeDAO"" />",145,applicationContext-hibernate.xml,zksample2\spring-hibernate-backend\src\main\resources\applicationContext-hibernate.xml
officeDAO,UserServiceImpl.java,zksample2\\spring-hibernate-backend\\src\\main\\java\\de\\forsthaus\\backend\\service\\impl\\UserServiceImpl.java,"<property name=""officeDAO"" ref=""officeDAO"" />",165,applicationContext-hibernate.xml,zksample2\spring-hibernate-backend\src\main\resources\applicationContext-hibernate.xml
officeDAO,SecurityServiceImpl.java,zksample2\\spring-hibernate-backend\\src\\main\\java\\de\\forsthaus\\backend\\service\\impl\\SecurityServiceImpl.java,"<property name=""officeDAO"" ref=""officeDAO"" />",180,applicationContext-hibernate.xml,zksample2\spring-hibernate-backend\src\main\resources\applicationContext-hibernate.xml
officeDAO,CommonServiceImpl.java,zksample2\\spring-hibernate-backend\\src\\main\\java\\de\\forsthaus\\backend\\service\\impl\\CommonServiceImpl.java,"<property name=""officeDAO"" ref=""officeDAO"" />",239,applicationContext-hibernate.xml,zksample2\spring-hibernate-backend\src\main\resources\applicationContext-hibernate.xml
officeDAO,OfficeServiceImpl.java,zksample2\\spring-hibernate-backend\\src\\main\\java\\de\\forsthaus\\backend\\service\\impl\\OfficeServiceImpl.java,"<property name=""officeDAO"" ref=""officeDAO"" />",155,applicationContext-hibernate.xml,zksample2\spring-hibernate-backend\src\main\resources\applicationContext-hibernate.xml
officeDAO,LoginServiceImpl.java,zksample2\\spring-hibernate-backend\\src\\main\\java\\de\\forsthaus\\backend\\service\\impl\\LoginServiceImpl.java,"<property name=""officeDAO"" ref=""officeDAO"" />",176,applicationContext-hibernate.xml,zksample2\spring-hibernate-backend\src\main\resources\applicationContext-hibernate.xml
officeDAO,OrderServiceImpl.java,zksample2\\spring-hibernate-backend\\src\\main\\java\\de\\forsthaus\\backend\\service\\impl\\OrderServiceImpl.java,"<property name=""officeDAO"" ref=""officeDAO"" />",151,applicationContext-hibernate.xml,zksample2\spring-hibernate-backend\src\main\resources\applicationContext-hibernate.xml
sessionFactory,HibernateSearchSupportImpl.java,zksample2\\spring-hibernate-backend\\src\\main\\java\\de\\forsthaus\\backend\\dao\\impl\\HibernateSearchSupportImpl.java,"<property name=""sessionFactory"" ref=""sessionFactory"" />",78,applicationContext-hibernate.xml,zksample2\spring-hibernate-backend\src\main\resources\applicationContext-hibernate.xml
sessionFactory,ServiceLogging.java,zksample2\\spring-hibernate-backend\\src\\main\\java\\de\\forsthaus\\backend\\util\\db\\logging\\ServiceLogging.java,"p:sessionFactory-ref=""sessionFactory"">",16,performance-db-logging.xml,zksample2\spring-hibernate-backend\src\main\resources\performance-db-logging.xml
loginLoggingService,SecLoginlogMainCtrl.java,zksample2\\zkoss\\src\\main\\java\\de\\forsthaus\\webui\\logging\\loginlog\\SecLoginlogMainCtrl.java,"<property name=""loginLoggingService"" ref=""loginLoggingService"" />",177,applicationContext-guiControllers.xml,zksample2\zkoss\src\main\resources\applicationContext-guiControllers.xml
loginLoggingService,SecLoginlogListCtrl.java,zksample2\\zkoss\\src\\main\\java\\de\\forsthaus\\webui\\logging\\loginlog\\SecLoginlogListCtrl.java,"<property name=""loginLoggingService"" ref=""loginLoggingService"" />",181,applicationContext-guiControllers.xml,zksample2\zkoss\src\main\resources\applicationContext-guiControllers.xml
loginLoggingService,GuiLoginLoggingPolicServiceImpl.java,zksample2\\zkoss\\src\\main\\java\\de\\forsthaus\\gui\\service\\impl\\GuiLoginLoggingPolicServiceImpl.java,"<property name=""loginLoggingService"" ref=""loginLoggingService"" />",33,applicationContext-guiServices.xml,zksample2\zkoss\src\main\resources\applicationContext-guiServices.xml
loginLoggingService,GuiLoginLoggingServiceImpl.java,zksample2\\zkoss\\src\\main\\java\\de\\forsthaus\\gui\\service\\impl\\GuiLoginLoggingServiceImpl.java,"<property name=""loginLoggingService"" ref=""loginLoggingService"" />",23,applicationContext-guiServices.xml,zksample2\zkoss\src\main\resources\applicationContext-guiServices.xml
loginLoggingService,SecLoginlogStatisticCtrl.java,zksample2\\zkoss\\src\\main\\java\\de\\forsthaus\\webui\\logging\\loginlog\\SecLoginlogStatisticCtrl.java,"<property name=""loginLoggingService"" ref=""loginLoggingService"" />",186,applicationContext-guiControllers.xml,zksample2\zkoss\src\main\resources\applicationContext-guiControllers.xml
officeService,OfficeMainCtrl.java,zksample2\\zkoss\\src\\main\\java\\de\\forsthaus\\webui\\office\\OfficeMainCtrl.java,"<property name=""officeService"" ref=""officeService"" />",125,applicationContext-guiControllers.xml,zksample2\zkoss\src\main\resources\applicationContext-guiControllers.xml
officeService,IndexCtrl.java,zksample2\\zkoss\\src\\main\\java\\de\\forsthaus\\webui\\index\\IndexCtrl.java,"<property name=""officeService"" ref=""officeService"" />",29,applicationContext-guiControllers.xml,zksample2\zkoss\src\main\resources\applicationContext-guiControllers.xml
officeService,TestCtrl.java,zksample2\\zkoss\\src\\main\\java\\de\\forsthaus\\example\\TestCtrl.java,"<property name=""officeService"" ref=""officeService"" />",34,applicationContext-guiControllers.xml,zksample2\zkoss\src\main\resources\applicationContext-guiControllers.xml
officeService,OfficeListCtrl.java,zksample2\\zkoss\\src\\main\\java\\de\\forsthaus\\webui\\office\\OfficeListCtrl.java,"<property name=""officeService"" ref=""officeService"" />",130,applicationContext-guiControllers.xml,zksample2\zkoss\src\main\resources\applicationContext-guiControllers.xml
officeService,OfficeDetailCtrl.java,zksample2\\zkoss\\src\\main\\java\\de\\forsthaus\\webui\\office\\OfficeDetailCtrl.java,"<property name=""officeService"" ref=""officeService"" />",133,applicationContext-guiControllers.xml,zksample2\zkoss\src\main\resources\applicationContext-guiControllers.xml
userService,MyUserSettingsCtrl.java,zksample2\\zkoss\\src\\main\\java\\de\\forsthaus\\webui\\security\\user\\MyUserSettingsCtrl.java,"<property name=""userService"" ref=""userService"" />",170,applicationContext-guiControllers.xml,zksample2\zkoss\src\main\resources\applicationContext-guiControllers.xml
userService,SecUserroleCtrl.java,zksample2\\zkoss\\src\\main\\java\\de\\forsthaus\\webui\\security\\userrole\\SecUserroleCtrl.java,"<property name=""userService"" ref=""userService"" />",237,applicationContext-guiControllers.xml,zksample2\zkoss\src\main\resources\applicationContext-guiControllers.xml
userService,UserListCtrl.java,zksample2\\zkoss\\src\\main\\java\\de\\forsthaus\\webui\\security\\user\\UserListCtrl.java,"<property name=""userService"" ref=""userService"" />",163,applicationContext-guiControllers.xml,zksample2\zkoss\src\main\resources\applicationContext-guiControllers.xml
userService,PolicyManager.java,zksample2\\zkoss\\src\\main\\java\\de\\forsthaus\\policy\\model\\PolicyManager.java,"<beans:property name=""userService"" ref=""userService"" />",95,springSecurityContext.xml,zksample2\zkoss\src\main\resources\springSecurityContext.xml
userService,UserDialogCtrl.java,zksample2\\zkoss\\src\\main\\java\\de\\forsthaus\\webui\\security\\user\\UserDialogCtrl.java,"<property name=""userService"" ref=""userService"" />",166,applicationContext-guiControllers.xml,zksample2\zkoss\src\main\resources\applicationContext-guiControllers.xml
dataSource,My_H2_SampleDataFiller.java,zksample2\\zkoss\\src\\main\\java\\de\\forsthaus\\h2\\My_H2_SampleDataFiller.java,"<property name=""dataSource"" ref=""dataSource"">",33,customize-applicationContext.xml,zksample2\zkoss\src\main\resources\customize-applicationContext.xml
dataSource,My_H2_SampleDataFiller.java,zksample2\\spring-hibernate-backend\\src\\test\\java\\de\\forsthaus\\testutils\\My_H2_SampleDataFiller.java,"<property name=""dataSource"" ref=""dataSource"">",29,applicationContext-h2-db-test.xml,zksample2\spring-hibernate-backend\src\test\resources\applicationContext-h2-db-test.xml
orderService,ReportServiceImpl.java,zksample2\\zkoss\\src\\main\\java\\de\\forsthaus\\services\\report\\service\\impl\\ReportServiceImpl.java,"<property name=""orderService"" ref=""orderService"" />",248,applicationContext-guiControllers.xml,zksample2\zkoss\src\main\resources\applicationContext-guiControllers.xml
orderService,OrderDialogCtrl.java,zksample2\\zkoss\\src\\main\\java\\de\\forsthaus\\webui\\order\\OrderDialogCtrl.java,"<property name=""orderService"" ref=""orderService"" />",146,applicationContext-guiControllers.xml,zksample2\zkoss\src\main\resources\applicationContext-guiControllers.xml
orderService,OrderListCtrl.java,zksample2\\zkoss\\src\\main\\java\\de\\forsthaus\\webui\\order\\OrderListCtrl.java,"<property name=""orderService"" ref=""orderService"" />",138,applicationContext-guiControllers.xml,zksample2\zkoss\src\main\resources\applicationContext-guiControllers.xml
orderService,OrderPositionDialogCtrl.java,zksample2\\zkoss\\src\\main\\java\\de\\forsthaus\\webui\\order\\OrderPositionDialogCtrl.java,"<property name=""orderService"" ref=""orderService"" />",154,applicationContext-guiControllers.xml,zksample2\zkoss\src\main\resources\applicationContext-guiControllers.xml
order,Orderposition.java,zksample2\\spring-hibernate-backend\\src\\main\\java\\de\\forsthaus\\backend\\model\\Orderposition.java,"<many-to-one name=""order"" class=""de.forsthaus.backend.model.Order""",25,Orderposition.hbm.xml,zksample2\spring-hibernate-backend\src\main\resources\de\forsthaus\backend\model\Orderposition.hbm.xml
customerDAO,CustomerServiceImpl.java,zksample2\\spring-hibernate-backend\\src\\main\\java\\de\\forsthaus\\backend\\service\\impl\\CustomerServiceImpl.java,"<property name=""customerDAO"" ref=""customerDAO"" />",144,applicationContext-hibernate.xml,zksample2\spring-hibernate-backend\src\main\resources\applicationContext-hibernate.xml
customerDAO,CommonServiceImpl.java,zksample2\\spring-hibernate-backend\\src\\main\\java\\de\\forsthaus\\backend\\service\\impl\\CommonServiceImpl.java,"<property name=""customerDAO"" ref=""customerDAO"" />",238,applicationContext-hibernate.xml,zksample2\spring-hibernate-backend\src\main\resources\applicationContext-hibernate.xml
customerDAO,OrderServiceImpl.java,zksample2\\spring-hibernate-backend\\src\\main\\java\\de\\forsthaus\\backend\\service\\impl\\OrderServiceImpl.java,"<property name=""customerDAO"" ref=""customerDAO"" />",150,applicationContext-hibernate.xml,zksample2\spring-hibernate-backend\src\main\resources\applicationContext-hibernate.xml
customerDAO,ReportServiceImpl.java,zksample2\\zkoss\\src\\main\\java\\de\\forsthaus\\services\\report\\service\\impl\\ReportServiceImpl.java,"<property name=""customerDAO"" ref=""customerDAO"" />",245,applicationContext-guiControllers.xml,zksample2\zkoss\src\main\resources\applicationContext-guiControllers.xml
userDAO,CommonServiceImpl.java,zksample2\\spring-hibernate-backend\\src\\main\\java\\de\\forsthaus\\backend\\service\\impl\\CommonServiceImpl.java,"<property name=""userDAO"" ref=""userDAO"" />",250,applicationContext-hibernate.xml,zksample2\spring-hibernate-backend\src\main\resources\applicationContext-hibernate.xml
userDAO,UserServiceImpl.java,zksample2\\spring-hibernate-backend\\src\\main\\java\\de\\forsthaus\\backend\\service\\impl\\UserServiceImpl.java,"<property name=""userDAO"" ref=""userDAO"" />",164,applicationContext-hibernate.xml,zksample2\spring-hibernate-backend\src\main\resources\applicationContext-hibernate.xml
userDAO,SecurityServiceImpl.java,zksample2\\spring-hibernate-backend\\src\\main\\java\\de\\forsthaus\\backend\\service\\impl\\SecurityServiceImpl.java,"<property name=""userDAO"" ref=""userDAO"" />",179,applicationContext-hibernate.xml,zksample2\spring-hibernate-backend\src\main\resources\applicationContext-hibernate.xml
userDAO,LoginServiceImpl.java,zksample2\\spring-hibernate-backend\\src\\main\\java\\de\\forsthaus\\backend\\service\\impl\\LoginServiceImpl.java,"<property name=""userDAO"" ref=""userDAO"" />",175,applicationContext-hibernate.xml,zksample2\spring-hibernate-backend\src\main\resources\applicationContext-hibernate.xml
pagedListService,PagedListWrapper.java,zksample2\\zkoss\\src\\main\\java\\de\\forsthaus\\webui\\util\\pagging\\PagedListWrapper.java,"<bean name=""pagedListWrapper"" class=""de.forsthaus.webui.util.pagging.PagedListWrapper"" p:pagedListService-ref=""pagedListService""",271,applicationContext-guiControllers.xml,zksample2\zkoss\src\main\resources\applicationContext-guiControllers.xml
pagedListService,PagedBindingListWrapper.java,zksample2\\zkoss\\src\\main\\java\\de\\forsthaus\\webui\\util\\pagging\\PagedBindingListWrapper.java,"p:pagedListService-ref=""pagedListService"" scope=""prototype"">",276,applicationContext-guiControllers.xml,zksample2\zkoss\src\main\resources\applicationContext-guiControllers.xml
pagedListService,PagedGridWrapper.java,zksample2\\zkoss\\src\\main\\java\\de\\forsthaus\\webui\\util\\pagging\\PagedGridWrapper.java,"<bean name=""pagedGridWrapper"" class=""de.forsthaus.webui.util.pagging.PagedGridWrapper"" p:pagedListService-ref=""pagedListService""",279,applicationContext-guiControllers.xml,zksample2\zkoss\src\main\resources\applicationContext-guiControllers.xml
pagedListService,GuiLoginLoggingServiceImpl.java,zksample2\\zkoss\\src\\main\\java\\de\\forsthaus\\gui\\service\\impl\\GuiLoginLoggingServiceImpl.java,"<property name=""pagedListService"" ref=""pagedListService"" />",25,applicationContext-guiServices.xml,zksample2\zkoss\src\main\resources\applicationContext-guiServices.xml
secGroupDAO,SecurityServiceImpl.java,zksample2\\spring-hibernate-backend\\src\\main\\java\\de\\forsthaus\\backend\\service\\impl\\SecurityServiceImpl.java,"<property name=""secGroupDAO"" ref=""secGroupDAO"" />",185,applicationContext-hibernate.xml,zksample2\spring-hibernate-backend\src\main\resources\applicationContext-hibernate.xml
secGroupDAO,CommonServiceImpl.java,zksample2\\spring-hibernate-backend\\src\\main\\java\\de\\forsthaus\\backend\\service\\impl\\CommonServiceImpl.java,"<property name=""secGroupDAO"" ref=""secGroupDAO"" />",245,applicationContext-hibernate.xml,zksample2\spring-hibernate-backend\src\main\resources\applicationContext-hibernate.xml
secGroupDAO,UserServiceImpl.java,zksample2\\spring-hibernate-backend\\src\\main\\java\\de\\forsthaus\\backend\\service\\impl\\UserServiceImpl.java,"<property name=""secGroupDAO"" ref=""secGroupDAO"" />",170,applicationContext-hibernate.xml,zksample2\spring-hibernate-backend\src\main\resources\applicationContext-hibernate.xml
article,Orderposition.java,zksample2\\spring-hibernate-backend\\src\\main\\java\\de\\forsthaus\\backend\\model\\Orderposition.java,"<many-to-one name=""article"" class=""de.forsthaus.backend.model.Article""",30,Orderposition.hbm.xml,zksample2\spring-hibernate-backend\src\main\resources\de\forsthaus\backend\model\Orderposition.hbm.xml
ipToCountryService,GuiLoginLoggingPolicServiceImpl.java,zksample2\\zkoss\\src\\main\\java\\de\\forsthaus\\gui\\service\\impl\\GuiLoginLoggingPolicServiceImpl.java,"<property name=""ipToCountryService"" ref=""ipToCountryService"" />",32,applicationContext-guiServices.xml,zksample2\zkoss\src\main\resources\applicationContext-guiServices.xml
ipToCountryService,GuiLoginLoggingServiceImpl.java,zksample2\\zkoss\\src\\main\\java\\de\\forsthaus\\gui\\service\\impl\\GuiLoginLoggingServiceImpl.java,"<property name=""ipToCountryService"" ref=""ipToCountryService"" />",22,applicationContext-guiServices.xml,zksample2\zkoss\src\main\resources\applicationContext-guiServices.xml
customer,Order.java,zksample2\\spring-hibernate-backend\\src\\main\\java\\de\\forsthaus\\backend\\model\\Order.java,"<many-to-one name=""customer"" class=""de.forsthaus.backend.model.Customer""",25,Order.hbm.xml,zksample2\spring-hibernate-backend\src\main\resources\de\forsthaus\backend\model\Order.hbm.xml
articleService,ArticleListCtrl.java,zksample2\\zkoss\\src\\main\\java\\de\\forsthaus\\webui\\article\\ArticleListCtrl.java,"<!-- <property name=""articleService"" ref=""articleService"" /> -->",51,applicationContext-guiControllers.xml,zksample2\zkoss\src\main\resources\applicationContext-guiControllers.xml
articleService,ArticleMainCtrl.java,zksample2\\zkoss\\src\\main\\java\\de\\forsthaus\\webui\\article\\ArticleMainCtrl.java,"<!-- <property name=""articleService"" ref=""articleService"" /> -->",46,applicationContext-guiControllers.xml,zksample2\zkoss\src\main\resources\applicationContext-guiControllers.xml
articleService,ArticleDetailCtrl.java,zksample2\\zkoss\\src\\main\\java\\de\\forsthaus\\webui\\article\\ArticleDetailCtrl.java,"<!-- <property name=""articleService"" ref=""articleService"" /> -->",54,applicationContext-guiControllers.xml,zksample2\zkoss\src\main\resources\applicationContext-guiControllers.xml
calendarEventService,CalendarMainCtrl.java,zksample2\\zkoss\\src\\main\\java\\de\\forsthaus\\webui\\calendar\\CalendarMainCtrl.java,"<property name=""calendarEventService"" ref=""calendarEventService"" />",101,applicationContext-guiControllers.xml,zksample2\zkoss\src\main\resources\applicationContext-guiControllers.xml
calendarEventService,CalendarCreateEventCtrl.java,zksample2\\zkoss\\src\\main\\java\\de\\forsthaus\\webui\\calendar\\CalendarCreateEventCtrl.java,"<property name=""calendarEventService"" ref=""calendarEventService"" />",105,applicationContext-guiControllers.xml,zksample2\zkoss\src\main\resources\applicationContext-guiControllers.xml
calendarEventService,CalendarEditEventCtrl.java,zksample2\\zkoss\\src\\main\\java\\de\\forsthaus\\webui\\calendar\\CalendarEditEventCtrl.java,"<property name=""calendarEventService"" ref=""calendarEventService"" />",109,applicationContext-guiControllers.xml,zksample2\zkoss\src\main\resources\applicationContext-guiControllers.xml
secRoleDAO,UserServiceImpl.java,zksample2\\spring-hibernate-backend\\src\\main\\java\\de\\forsthaus\\backend\\service\\impl\\UserServiceImpl.java,"<property name=""secRoleDAO"" ref=""secRoleDAO"" />",167,applicationContext-hibernate.xml,zksample2\spring-hibernate-backend\src\main\resources\applicationContext-hibernate.xml
secRoleDAO,SecurityServiceImpl.java,zksample2\\spring-hibernate-backend\\src\\main\\java\\de\\forsthaus\\backend\\service\\impl\\SecurityServiceImpl.java,"<property name=""secRoleDAO"" ref=""secRoleDAO"" />",182,applicationContext-hibernate.xml,zksample2\spring-hibernate-backend\src\main\resources\applicationContext-hibernate.xml
secRoleDAO,CommonServiceImpl.java,zksample2\\spring-hibernate-backend\\src\\main\\java\\de\\forsthaus\\backend\\service\\impl\\CommonServiceImpl.java,"<property name=""secRoleDAO"" ref=""secRoleDAO"" />",248,applicationContext-hibernate.xml,zksample2\spring-hibernate-backend\src\main\resources\applicationContext-hibernate.xml
orderDAO,CommonServiceImpl.java,zksample2\\spring-hibernate-backend\\src\\main\\java\\de\\forsthaus\\backend\\service\\impl\\CommonServiceImpl.java,"<property name=""orderDAO"" ref=""orderDAO"" />",242,applicationContext-hibernate.xml,zksample2\spring-hibernate-backend\src\main\resources\applicationContext-hibernate.xml
orderDAO,OrderServiceImpl.java,zksample2\\spring-hibernate-backend\\src\\main\\java\\de\\forsthaus\\backend\\service\\impl\\OrderServiceImpl.java,"<property name=""orderDAO"" ref=""orderDAO"" />",148,applicationContext-hibernate.xml,zksample2\spring-hibernate-backend\src\main\resources\applicationContext-hibernate.xml
orderDAO,ReportServiceImpl.java,zksample2\\zkoss\\src\\main\\java\\de\\forsthaus\\services\\report\\service\\impl\\ReportServiceImpl.java,"<property name=""orderDAO"" ref=""orderDAO"" />",243,applicationContext-guiControllers.xml,zksample2\zkoss\src\main\resources\applicationContext-guiControllers.xml
secRolegroupDAO,SecurityServiceImpl.java,zksample2\\spring-hibernate-backend\\src\\main\\java\\de\\forsthaus\\backend\\service\\impl\\SecurityServiceImpl.java,"<property name=""secRolegroupDAO"" ref=""secRolegroupDAO"" />",183,applicationContext-hibernate.xml,zksample2\spring-hibernate-backend\src\main\resources\applicationContext-hibernate.xml
secRolegroupDAO,CommonServiceImpl.java,zksample2\\spring-hibernate-backend\\src\\main\\java\\de\\forsthaus\\backend\\service\\impl\\CommonServiceImpl.java,"<property name=""secRolegroupDAO"" ref=""secRolegroupDAO"" />",249,applicationContext-hibernate.xml,zksample2\spring-hibernate-backend\src\main\resources\applicationContext-hibernate.xml
secRolegroupDAO,UserServiceImpl.java,zksample2\\spring-hibernate-backend\\src\\main\\java\\de\\forsthaus\\backend\\service\\impl\\UserServiceImpl.java,"<property name=""secRolegroupDAO"" ref=""secRolegroupDAO"" />",168,applicationContext-hibernate.xml,zksample2\spring-hibernate-backend\src\main\resources\applicationContext-hibernate.xml
brancheDAO,BrancheServiceImpl.java,zksample2\\spring-hibernate-backend\\src\\main\\java\\de\\forsthaus\\backend\\service\\impl\\BrancheServiceImpl.java,"<property name=""brancheDAO"" ref=""brancheDAO"" />",158,applicationContext-hibernate.xml,zksample2\spring-hibernate-backend\src\main\resources\applicationContext-hibernate.xml
brancheDAO,ReportServiceImpl.java,zksample2\\zkoss\\src\\main\\java\\de\\forsthaus\\services\\report\\service\\impl\\ReportServiceImpl.java,"<property name=""brancheDAO"" ref=""brancheDAO"" />",247,applicationContext-guiControllers.xml,zksample2\zkoss\src\main\resources\applicationContext-guiControllers.xml
brancheDAO,CommonServiceImpl.java,zksample2\\spring-hibernate-backend\\src\\main\\java\\de\\forsthaus\\backend\\service\\impl\\CommonServiceImpl.java,"<property name=""brancheDAO"" ref=""brancheDAO"" />",240,applicationContext-hibernate.xml,zksample2\spring-hibernate-backend\src\main\resources\applicationContext-hibernate.xml
office,Customer.java,zksample2\\spring-hibernate-backend\\src\\main\\java\\de\\forsthaus\\backend\\model\\Customer.java,"<many-to-one name=""office"" class=""de.forsthaus.backend.model.Office""",25,Customer.hbm.xml,zksample2\spring-hibernate-backend\src\main\resources\de\forsthaus\backend\model\Customer.hbm.xml
secUserroleDAO,SecurityServiceImpl.java,zksample2\\spring-hibernate-backend\\src\\main\\java\\de\\forsthaus\\backend\\service\\impl\\SecurityServiceImpl.java,"<property name=""secUserroleDAO"" ref=""secUserroleDAO"" />",181,applicationContext-hibernate.xml,zksample2\spring-hibernate-backend\src\main\resources\applicationContext-hibernate.xml
secUserroleDAO,CommonServiceImpl.java,zksample2\\spring-hibernate-backend\\src\\main\\java\\de\\forsthaus\\backend\\service\\impl\\CommonServiceImpl.java,"<property name=""secUserroleDAO"" ref=""secUserroleDAO"" />",251,applicationContext-hibernate.xml,zksample2\spring-hibernate-backend\src\main\resources\applicationContext-hibernate.xml
secUserroleDAO,UserServiceImpl.java,zksample2\\spring-hibernate-backend\\src\\main\\java\\de\\forsthaus\\backend\\service\\impl\\UserServiceImpl.java,"<property name=""secUserroleDAO"" ref=""secUserroleDAO"" />",166,applicationContext-hibernate.xml,zksample2\spring-hibernate-backend\src\main\resources\applicationContext-hibernate.xml
orderpositionDAO,OrderServiceImpl.java,zksample2\\spring-hibernate-backend\\src\\main\\java\\de\\forsthaus\\backend\\service\\impl\\OrderServiceImpl.java,"<property name=""orderpositionDAO"" ref=""orderpositionDAO"" />",149,applicationContext-hibernate.xml,zksample2\spring-hibernate-backend\src\main\resources\applicationContext-hibernate.xml
orderpositionDAO,CommonServiceImpl.java,zksample2\\spring-hibernate-backend\\src\\main\\java\\de\\forsthaus\\backend\\service\\impl\\CommonServiceImpl.java,"<property name=""orderpositionDAO"" ref=""orderpositionDAO"" />",243,applicationContext-hibernate.xml,zksample2\spring-hibernate-backend\src\main\resources\applicationContext-hibernate.xml
orderpositionDAO,ReportServiceImpl.java,zksample2\\zkoss\\src\\main\\java\\de\\forsthaus\\services\\report\\service\\impl\\ReportServiceImpl.java,"<property name=""orderpositionDAO"" ref=""orderpositionDAO"" />",244,applicationContext-guiControllers.xml,zksample2\zkoss\src\main\resources\applicationContext-guiControllers.xml
secRightDAO,CommonServiceImpl.java,zksample2\\spring-hibernate-backend\\src\\main\\java\\de\\forsthaus\\backend\\service\\impl\\CommonServiceImpl.java,"<property name=""secRightDAO"" ref=""secRightDAO"" />",247,applicationContext-hibernate.xml,zksample2\spring-hibernate-backend\src\main\resources\applicationContext-hibernate.xml
secRightDAO,UserServiceImpl.java,zksample2\\spring-hibernate-backend\\src\\main\\java\\de\\forsthaus\\backend\\service\\impl\\UserServiceImpl.java,"<property name=""secRightDAO"" ref=""secRightDAO"" />",172,applicationContext-hibernate.xml,zksample2\spring-hibernate-backend\src\main\resources\applicationContext-hibernate.xml
secRightDAO,SecurityServiceImpl.java,zksample2\\spring-hibernate-backend\\src\\main\\java\\de\\forsthaus\\backend\\service\\impl\\SecurityServiceImpl.java,"<property name=""secRightDAO"" ref=""secRightDAO"" />",186,applicationContext-hibernate.xml,zksample2\spring-hibernate-backend\src\main\resources\applicationContext-hibernate.xml
articleDAO,OrderServiceImpl.java,zksample2\\spring-hibernate-backend\\src\\main\\java\\de\\forsthaus\\backend\\service\\impl\\OrderServiceImpl.java,"<property name=""articleDAO"" ref=""articleDAO"" />",152,applicationContext-hibernate.xml,zksample2\spring-hibernate-backend\src\main\resources\applicationContext-hibernate.xml
articleDAO,ArticleServiceImpl.java,zksample2\\spring-hibernate-backend\\src\\main\\java\\de\\forsthaus\\backend\\service\\impl\\ArticleServiceImpl.java,"<property name=""articleDAO"" ref=""articleDAO"" />",161,applicationContext-hibernate.xml,zksample2\spring-hibernate-backend\src\main\resources\applicationContext-hibernate.xml
articleDAO,CommonServiceImpl.java,zksample2\\spring-hibernate-backend\\src\\main\\java\\de\\forsthaus\\backend\\service\\impl\\CommonServiceImpl.java,"<property name=""articleDAO"" ref=""articleDAO"" />",241,applicationContext-hibernate.xml,zksample2\spring-hibernate-backend\src\main\resources\applicationContext-hibernate.xml
countryCodeDAO,CountryCodeServiceImpl.java,zksample2\\spring-hibernate-backend\\src\\main\\java\\de\\forsthaus\\backend\\service\\impl\\CountryCodeServiceImpl.java,"<property name=""countryCodeDAO"" ref=""countryCodeDAO"" />",218,applicationContext-hibernate.xml,zksample2\spring-hibernate-backend\src\main\resources\applicationContext-hibernate.xml
countryCodeDAO,LoginLoggingServiceImpl.java,zksample2\\spring-hibernate-backend\\src\\main\\java\\de\\forsthaus\\backend\\service\\impl\\LoginLoggingServiceImpl.java,"<property name=""countryCodeDAO"" ref=""countryCodeDAO"" />",192,applicationContext-hibernate.xml,zksample2\spring-hibernate-backend\src\main\resources\applicationContext-hibernate.xml
countryCodeDAO,CommonServiceImpl.java,zksample2\\spring-hibernate-backend\\src\\main\\java\\de\\forsthaus\\backend\\service\\impl\\CommonServiceImpl.java,"<property name=""countryCodeDAO"" ref=""countryCodeDAO"" />",253,applicationContext-hibernate.xml,zksample2\spring-hibernate-backend\src\main\resources\applicationContext-hibernate.xml
secGrouprightDAO,UserServiceImpl.java,zksample2\\spring-hibernate-backend\\src\\main\\java\\de\\forsthaus\\backend\\service\\impl\\UserServiceImpl.java,"<property name=""secGrouprightDAO"" ref=""secGrouprightDAO"" />",169,applicationContext-hibernate.xml,zksample2\spring-hibernate-backend\src\main\resources\applicationContext-hibernate.xml
secGrouprightDAO,CommonServiceImpl.java,zksample2\\spring-hibernate-backend\\src\\main\\java\\de\\forsthaus\\backend\\service\\impl\\CommonServiceImpl.java,"<property name=""secGrouprightDAO"" ref=""secGrouprightDAO"" />",246,applicationContext-hibernate.xml,zksample2\spring-hibernate-backend\src\main\resources\applicationContext-hibernate.xml
secGrouprightDAO,SecurityServiceImpl.java,zksample2\\spring-hibernate-backend\\src\\main\\java\\de\\forsthaus\\backend\\service\\impl\\SecurityServiceImpl.java,"<property name=""secGrouprightDAO"" ref=""secGrouprightDAO"" />",184,applicationContext-hibernate.xml,zksample2\spring-hibernate-backend\src\main\resources\applicationContext-hibernate.xml
hibernateTemplate,BasisDAO.java,zksample2\\spring-hibernate-backend\\src\\main\\java\\de\\forsthaus\\backend\\dao\\impl\\BasisDAO.java,"<bean id=""basisDAO"" abstract=""true"" p:hibernateTemplate-ref=""hibernateTemplate"" class=""de.forsthaus.backend.dao.impl.BasisDAO"" />",96,applicationContext-hibernate.xml,zksample2\spring-hibernate-backend\src\main\resources\applicationContext-hibernate.xml
hibernateTemplate,NonWebRequestDBAction.java,zksample2\\spring-hibernate-backend\\src\\main\\java\\de\\forsthaus\\backend\\nonwebrequestdbservice\\NonWebRequestDBAction.java,"<bean id=""nonWebRequestDBAction"" p:hibernateTemplate-ref=""hibernateTemplate""",90,applicationContext-hibernate.xml,zksample2\spring-hibernate-backend\src\main\resources\applicationContext-hibernate.xml
applicationNewsDAO,ApplicationNewsServiceImpl.java,zksample2\\spring-hibernate-backend\\src\\main\\java\\de\\forsthaus\\backend\\service\\impl\\ApplicationNewsServiceImpl.java,"<property name=""applicationNewsDAO"" ref=""applicationNewsDAO"" />",234,applicationContext-hibernate.xml,zksample2\spring-hibernate-backend\src\main\resources\applicationContext-hibernate.xml
applicationNewsDAO,CommonServiceImpl.java,zksample2\\spring-hibernate-backend\\src\\main\\java\\de\\forsthaus\\backend\\service\\impl\\CommonServiceImpl.java,"<property name=""applicationNewsDAO"" ref=""applicationNewsDAO"" />",257,applicationContext-hibernate.xml,zksample2\spring-hibernate-backend\src\main\resources\applicationContext-hibernate.xml
chartService,CustomerChartCtrl.java,zksample2\\zkoss\\src\\main\\java\\de\\forsthaus\\webui\\customer\\CustomerChartCtrl.java,"<property name=""chartService"" ref=""chartService"" />",84,applicationContext-guiControllers.xml,zksample2\zkoss\src\main\resources\applicationContext-guiControllers.xml
chartService,CustomerDialogCtrl.java,zksample2\\zkoss\\src\\main\\java\\de\\forsthaus\\webui\\customer\\CustomerDialogCtrl.java,"<property name=""chartService"" ref=""chartService"" />",80,applicationContext-guiControllers.xml,zksample2\zkoss\src\main\resources\applicationContext-guiControllers.xml
secUserroles,SecRole.java,zksample2\\spring-hibernate-backend\\src\\main\\java\\de\\forsthaus\\backend\\model\\SecRole.java,"<set name=""secUserroles"" inverse=""true"">",32,SecRole.hbm.xml,zksample2\spring-hibernate-backend\src\main\resources\de\forsthaus\backend\model\SecRole.hbm.xml
secUserroles,SecRole.java,zksample2\\spring-hibernate-backend\\src\\main\\java\\de\\forsthaus\\backend\\model\\SecRole.java,rg.secRole.secUserroles AS ur,45,SecRight.hbm.xml,zksample2\spring-hibernate-backend\src\main\resources\de\forsthaus\backend\model\SecRight.hbm.xml
secUserroles,SecUser.java,zksample2\\spring-hibernate-backend\\src\\main\\java\\de\\forsthaus\\backend\\model\\SecUser.java,"<set name=""secUserroles"" inverse=""true"">",59,SecUser.hbm.xml,zksample2\spring-hibernate-backend\src\main\resources\de\forsthaus\backend\model\SecUser.hbm.xml
guiHibernateStatisticsService,HibernateStatisticsDetailCtrl.java,zksample2\\zkoss\\src\\main\\java\\de\\forsthaus\\webui\\debug\\HibernateStatisticsDetailCtrl.java,"<property name=""guiHibernateStatisticsService"" ref=""guiHibernateStatisticsService"" />",258,applicationContext-guiControllers.xml,zksample2\zkoss\src\main\resources\applicationContext-guiControllers.xml
guiHibernateStatisticsService,HibernateStatisticsCtrl.java,zksample2\\zkoss\\src\\main\\java\\de\\forsthaus\\webui\\debug\\HibernateStatisticsCtrl.java,"<property name=""guiHibernateStatisticsService"" ref=""guiHibernateStatisticsService"" />",254,applicationContext-guiControllers.xml,zksample2\zkoss\src\main\resources\applicationContext-guiControllers.xml
ip2CountryDAO,Ip2CountryServiceImpl.java,zksample2\\spring-hibernate-backend\\src\\main\\java\\de\\forsthaus\\backend\\service\\impl\\Ip2CountryServiceImpl.java,"<property name=""ip2CountryDAO"" ref=""ip2CountryDAO"" />",211,applicationContext-hibernate.xml,zksample2\spring-hibernate-backend\src\main\resources\applicationContext-hibernate.xml
ip2CountryDAO,LoginLoggingServiceImpl.java,zksample2\\spring-hibernate-backend\\src\\main\\java\\de\\forsthaus\\backend\\service\\impl\\LoginLoggingServiceImpl.java,"<property name=""ip2CountryDAO"" ref=""ip2CountryDAO"" />",193,applicationContext-hibernate.xml,zksample2\spring-hibernate-backend\src\main\resources\applicationContext-hibernate.xml
secGroup,SecGroupright.java,zksample2\\spring-hibernate-backend\\src\\main\\java\\de\\forsthaus\\backend\\model\\SecGroupright.java,"<many-to-one name=""secGroup"" class=""de.forsthaus.backend.model.SecGroup""",26,SecGroupright.hbm.xml,zksample2\spring-hibernate-backend\src\main\resources\de\forsthaus\backend\model\SecGroupright.hbm.xml
secGroup,SecGroupright.java,zksample2\\spring-hibernate-backend\\src\\main\\java\\de\\forsthaus\\backend\\model\\SecGroupright.java,JOIN gr.secGroup.secRolegroups AS rg,43,SecRight.hbm.xml,zksample2\spring-hibernate-backend\src\main\resources\de\forsthaus\backend\model\SecRight.hbm.xml
secGroup,SecRolegroup.java,zksample2\\spring-hibernate-backend\\src\\main\\java\\de\\forsthaus\\backend\\model\\SecRolegroup.java,"<many-to-one name=""secGroup"" class=""de.forsthaus.backend.model.SecGroup""",29,SecRolegroup.hbm.xml,zksample2\spring-hibernate-backend\src\main\resources\de\forsthaus\backend\model\SecRolegroup.hbm.xml
calendarEventDAO,MyCalendarEventServiceImpl.java,zksample2\\spring-hibernate-backend\\src\\main\\java\\de\\forsthaus\\backend\\service\\impl\\MyCalendarEventServiceImpl.java,"<property name=""calendarEventDAO"" ref=""calendarEventDAO"" />",222,applicationContext-hibernate.xml,zksample2\spring-hibernate-backend\src\main\resources\applicationContext-hibernate.xml
calendarEventDAO,CommonServiceImpl.java,zksample2\\spring-hibernate-backend\\src\\main\\java\\de\\forsthaus\\backend\\service\\impl\\CommonServiceImpl.java,"<property name=""calendarEventDAO"" ref=""calendarEventDAO"" />",255,applicationContext-hibernate.xml,zksample2\spring-hibernate-backend\src\main\resources\applicationContext-hibernate.xml
secGrouprights,SecGroup.java,zksample2\\spring-hibernate-backend\\src\\main\\java\\de\\forsthaus\\backend\\model\\SecGroup.java,"<set name=""secGrouprights"" inverse=""true"">",32,SecGroup.hbm.xml,zksample2\spring-hibernate-backend\src\main\resources\de\forsthaus\backend\model\SecGroup.hbm.xml
secGrouprights,SecRight.java,zksample2\\spring-hibernate-backend\\src\\main\\java\\de\\forsthaus\\backend\\model\\SecRight.java,"<set name=""secGrouprights"" inverse=""true"">",31,SecRight.hbm.xml,zksample2\spring-hibernate-backend\src\main\resources\de\forsthaus\backend\model\SecRight.hbm.xml
secGrouprights,SecRight.java,zksample2\\spring-hibernate-backend\\src\\main\\java\\de\\forsthaus\\backend\\model\\SecRight.java,r.secGrouprights AS gr,42,SecRight.hbm.xml,zksample2\spring-hibernate-backend\src\main\resources\de\forsthaus\backend\model\SecRight.hbm.xml
secRolegroups,SecGroup.java,zksample2\\spring-hibernate-backend\\src\\main\\java\\de\\forsthaus\\backend\\model\\SecGroup.java,JOIN gr.secGroup.secRolegroups AS rg,43,SecRight.hbm.xml,zksample2\spring-hibernate-backend\src\main\resources\de\forsthaus\backend\model\SecRight.hbm.xml
secRolegroups,SecGroup.java,zksample2\\spring-hibernate-backend\\src\\main\\java\\de\\forsthaus\\backend\\model\\SecGroup.java,"<set name=""secRolegroups"" inverse=""true"">",38,SecGroup.hbm.xml,zksample2\spring-hibernate-backend\src\main\resources\de\forsthaus\backend\model\SecGroup.hbm.xml
secRolegroups,SecRole.java,zksample2\\spring-hibernate-backend\\src\\main\\java\\de\\forsthaus\\backend\\model\\SecRole.java,"<set name=""secRolegroups"" inverse=""true"">",38,SecRole.hbm.xml,zksample2\spring-hibernate-backend\src\main\resources\de\forsthaus\backend\model\SecRole.hbm.xml
guestBookService,GuestBookListCtrl.java,zksample2\\zkoss\\src\\main\\java\\de\\forsthaus\\webui\\guestbook\\GuestBookListCtrl.java,"<property name=""guestBookService"" ref=""guestBookService"" />",93,applicationContext-guiControllers.xml,zksample2\zkoss\src\main\resources\applicationContext-guiControllers.xml
guestBookService,GuestBookDialogCtrl.java,zksample2\\zkoss\\src\\main\\java\\de\\forsthaus\\webui\\guestbook\\GuestBookDialogCtrl.java,"<property name=""guestBookService"" ref=""guestBookService"" />",96,applicationContext-guiControllers.xml,zksample2\zkoss\src\main\resources\applicationContext-guiControllers.xml
ip2CountryService,GuiLoginLoggingServiceImpl.java,zksample2\\zkoss\\src\\main\\java\\de\\forsthaus\\gui\\service\\impl\\GuiLoginLoggingServiceImpl.java,"<property name=""ip2CountryService"" ref=""ip2CountryService"" />",20,applicationContext-guiServices.xml,zksample2\zkoss\src\main\resources\applicationContext-guiServices.xml
ip2CountryService,GuiLoginLoggingPolicServiceImpl.java,zksample2\\zkoss\\src\\main\\java\\de\\forsthaus\\gui\\service\\impl\\GuiLoginLoggingPolicServiceImpl.java,"<property name=""ip2CountryService"" ref=""ip2CountryService"" />",31,applicationContext-guiServices.xml,zksample2\zkoss\src\main\resources\applicationContext-guiServices.xml
countryCodeService,GuiLoginLoggingServiceImpl.java,zksample2\\zkoss\\src\\main\\java\\de\\forsthaus\\gui\\service\\impl\\GuiLoginLoggingServiceImpl.java,"<property name=""countryCodeService"" ref=""countryCodeService"" />",24,applicationContext-guiServices.xml,zksample2\zkoss\src\main\resources\applicationContext-guiServices.xml
countryCodeService,GuiLoginLoggingPolicServiceImpl.java,zksample2\\zkoss\\src\\main\\java\\de\\forsthaus\\gui\\service\\impl\\GuiLoginLoggingPolicServiceImpl.java,"<property name=""countryCodeService"" ref=""countryCodeService"" />",34,applicationContext-guiServices.xml,zksample2\zkoss\src\main\resources\applicationContext-guiServices.xml
secRole,SecUserrole.java,zksample2\\spring-hibernate-backend\\src\\main\\java\\de\\forsthaus\\backend\\model\\SecUserrole.java,"<many-to-one name=""secRole"" class=""de.forsthaus.backend.model.SecRole""",29,SecUserrole.hbm.xml,zksample2\spring-hibernate-backend\src\main\resources\de\forsthaus\backend\model\SecUserrole.hbm.xml
secRole,SecRolegroup.java,zksample2\\spring-hibernate-backend\\src\\main\\java\\de\\forsthaus\\backend\\model\\SecRolegroup.java,rg.secRole.secUserroles AS ur,45,SecRight.hbm.xml,zksample2\spring-hibernate-backend\src\main\resources\de\forsthaus\backend\model\SecRight.hbm.xml
secRole,SecRolegroup.java,zksample2\\spring-hibernate-backend\\src\\main\\java\\de\\forsthaus\\backend\\model\\SecRolegroup.java,"<many-to-one name=""secRole"" class=""de.forsthaus.backend.model.SecRole""",25,SecRolegroup.hbm.xml,zksample2\spring-hibernate-backend\src\main\resources\de\forsthaus\backend\model\SecRolegroup.hbm.xml
youtubeLinkDAO,YoutubeLinkServiceImpl.java,zksample2\\spring-hibernate-backend\\src\\main\\java\\de\\forsthaus\\backend\\service\\impl\\YoutubeLinkServiceImpl.java,"<property name=""youtubeLinkDAO"" ref=""youtubeLinkDAO"" />",230,applicationContext-hibernate.xml,zksample2\spring-hibernate-backend\src\main\resources\applicationContext-hibernate.xml
youtubeLinkDAO,CommonServiceImpl.java,zksample2\\spring-hibernate-backend\\src\\main\\java\\de\\forsthaus\\backend\\service\\impl\\CommonServiceImpl.java,"<property name=""youtubeLinkDAO"" ref=""youtubeLinkDAO"" />",256,applicationContext-hibernate.xml,zksample2\spring-hibernate-backend\src\main\resources\applicationContext-hibernate.xml
secUser,MyCalendarEvent.java,zksample2\\spring-hibernate-backend\\src\\main\\java\\de\\forsthaus\\backend\\model\\MyCalendarEvent.java,"<many-to-one name=""secUser"" class=""de.forsthaus.backend.model.SecUser""",47,MyCalendarEvent.hbm.xml,zksample2\spring-hibernate-backend\src\main\resources\de\forsthaus\backend\model\MyCalendarEvent.hbm.xml
secUser,SecUserrole.java,zksample2\\spring-hibernate-backend\\src\\main\\java\\de\\forsthaus\\backend\\model\\SecUserrole.java,"<many-to-one name=""secUser"" class=""de.forsthaus.backend.model.SecUser""",25,SecUserrole.hbm.xml,zksample2\spring-hibernate-backend\src\main\resources\de\forsthaus\backend\model\SecUserrole.hbm.xml
secUser,SecUserrole.java,zksample2\\spring-hibernate-backend\\src\\main\\java\\de\\forsthaus\\backend\\model\\SecUserrole.java,JOIN ur.secUser AS u,46,SecRight.hbm.xml,zksample2\spring-hibernate-backend\src\main\resources\de\forsthaus\backend\model\SecRight.hbm.xml
plwOrderpositions,OrderListCtrl.java,zksample2\\zkoss\\src\\main\\java\\de\\forsthaus\\webui\\order\\OrderListCtrl.java,"<property name=""plwOrderpositions"" ref=""pagedListWrapper"" />",142,applicationContext-guiControllers.xml,zksample2\zkoss\src\main\resources\applicationContext-guiControllers.xml
plwOrderpositions,OrderDialogCtrl.java,zksample2\\zkoss\\src\\main\\java\\de\\forsthaus\\webui\\order\\OrderDialogCtrl.java,"<property name=""plwOrderpositions"" ref=""pagedListWrapper"" />",149,applicationContext-guiControllers.xml,zksample2\zkoss\src\main\resources\applicationContext-guiControllers.xml
plwOrderpositions,OrderPositionDialogCtrl.java,zksample2\\zkoss\\src\\main\\java\\de\\forsthaus\\webui\\order\\OrderPositionDialogCtrl.java,"<property name=""plwOrderpositions"" ref=""pagedListWrapper"" />",157,applicationContext-guiControllers.xml,zksample2\zkoss\src\main\resources\applicationContext-guiControllers.xml
guestBookDAO,GuestBookServiceImpl.java,zksample2\\spring-hibernate-backend\\src\\main\\java\\de\\forsthaus\\backend\\service\\impl\\GuestBookServiceImpl.java,"<property name=""guestBookDAO"" ref=""guestBookDAO"" />",201,applicationContext-hibernate.xml,zksample2\spring-hibernate-backend\src\main\resources\applicationContext-hibernate.xml
guestBookDAO,CommonServiceImpl.java,zksample2\\spring-hibernate-backend\\src\\main\\java\\de\\forsthaus\\backend\\service\\impl\\CommonServiceImpl.java,"<property name=""guestBookDAO"" ref=""guestBookDAO"" />",244,applicationContext-hibernate.xml,zksample2\spring-hibernate-backend\src\main\resources\applicationContext-hibernate.xml
branche,Customer.java,zksample2\\spring-hibernate-backend\\src\\main\\java\\de\\forsthaus\\backend\\model\\Customer.java,"<many-to-one name=""branche"" class=""de.forsthaus.backend.model.Branche""",29,Customer.hbm.xml,zksample2\spring-hibernate-backend\src\main\resources\de\forsthaus\backend\model\Customer.hbm.xml
ipToCountryDAO,IpToCountryServiceImpl.java,zksample2\\spring-hibernate-backend\\src\\main\\java\\de\\forsthaus\\backend\\service\\impl\\IpToCountryServiceImpl.java,"<property name=""ipToCountryDAO"" ref=""ipToCountryDAO"" />",208,applicationContext-hibernate.xml,zksample2\spring-hibernate-backend\src\main\resources\applicationContext-hibernate.xml
ipToCountryDAO,CommonServiceImpl.java,zksample2\\spring-hibernate-backend\\src\\main\\java\\de\\forsthaus\\backend\\service\\impl\\CommonServiceImpl.java,"<property name=""ipToCountryDAO"" ref=""ipToCountryDAO"" />",254,applicationContext-hibernate.xml,zksample2\spring-hibernate-backend\src\main\resources\applicationContext-hibernate.xml
secLoginlogDAO,LoginLoggingServiceImpl.java,zksample2\\spring-hibernate-backend\\src\\main\\java\\de\\forsthaus\\backend\\service\\impl\\LoginLoggingServiceImpl.java,"<property name=""secLoginlogDAO"" ref=""secLoginlogDAO"" />",191,applicationContext-hibernate.xml,zksample2\spring-hibernate-backend\src\main\resources\applicationContext-hibernate.xml
secLoginlogDAO,CommonServiceImpl.java,zksample2\\spring-hibernate-backend\\src\\main\\java\\de\\forsthaus\\backend\\service\\impl\\CommonServiceImpl.java,"<property name=""secLoginlogDAO"" ref=""secLoginlogDAO"" />",252,applicationContext-hibernate.xml,zksample2\spring-hibernate-backend\src\main\resources\applicationContext-hibernate.xml
hibernateStatisticsDao,HibernateStatisticsServiceImpl.java,zksample2\\spring-hibernate-backend\\src\\main\\java\\de\\forsthaus\\backend\\service\\impl\\HibernateStatisticsServiceImpl.java,"<property name=""hibernateStatisticsDao"" ref=""hibernateStatisticsDao"" />",226,applicationContext-hibernate.xml,zksample2\spring-hibernate-backend\src\main\resources\applicationContext-hibernate.xml
hibernateStatisticsDao,CommonServiceImpl.java,zksample2\\spring-hibernate-backend\\src\\main\\java\\de\\forsthaus\\backend\\service\\impl\\CommonServiceImpl.java,"<property name=""hibernateStatisticsDao"" ref=""hibernateStatisticsDao"" />",258,applicationContext-hibernate.xml,zksample2\spring-hibernate-backend\src\main\resources\applicationContext-hibernate.xml
plwSecRights,SecGrouprightCtrl.java,zksample2\\zkoss\\src\\main\\java\\de\\forsthaus\\webui\\security\\groupright\\SecGrouprightCtrl.java,"<property name=""plwSecRights"" ref=""pagedListWrapper"" />",205,applicationContext-guiControllers.xml,zksample2\zkoss\src\main\resources\applicationContext-guiControllers.xml
plwSecRights,AddGrouprightDialogCtrl.java,zksample2\\zkoss\\src\\main\\java\\de\\forsthaus\\webui\\security\\groupright\\AddGrouprightDialogCtrl.java,"<property name=""plwSecRights"" ref=""pagedListWrapper"" />",210,applicationContext-guiControllers.xml,zksample2\zkoss\src\main\resources\applicationContext-guiControllers.xml
guiLoginLoggingService,SecLoginlogListCtrl.java,zksample2\\zkoss\\src\\main\\java\\de\\forsthaus\\webui\\logging\\loginlog\\SecLoginlogListCtrl.java,"<property name=""guiLoginLoggingService"" ref=""guiLoginLoggingService"" />",182,applicationContext-guiControllers.xml,zksample2\zkoss\src\main\resources\applicationContext-guiControllers.xml
plwSecRoles,SecUserroleCtrl.java,zksample2\\zkoss\\src\\main\\java\\de\\forsthaus\\webui\\security\\userrole\\SecUserroleCtrl.java,"<property name=""plwSecRoles"" ref=""pagedListWrapper"" />",239,applicationContext-guiControllers.xml,zksample2\zkoss\src\main\resources\applicationContext-guiControllers.xml
plwSecRoles,SecRolegroupCtrl.java,zksample2\\zkoss\\src\\main\\java\\de\\forsthaus\\webui\\security\\rolegroup\\SecRolegroupCtrl.java,"<property name=""plwSecRoles"" ref=""pagedListWrapper"" />",231,applicationContext-guiControllers.xml,zksample2\zkoss\src\main\resources\applicationContext-guiControllers.xml
customers,Branche.java,zksample2\\spring-hibernate-backend\\src\\main\\java\\de\\forsthaus\\backend\\model\\Branche.java,"<set name=""customers"" inverse=""true"">",30,Branche.hbm.xml,zksample2\spring-hibernate-backend\src\main\resources\de\forsthaus\backend\model\Branche.hbm.xml
customers,Office.java,zksample2\\spring-hibernate-backend\\src\\main\\java\\de\\forsthaus\\backend\\model\\Office.java,"<set name=""customers"" inverse=""true""> <key> <column name=""kun_fil_id""",42,Office.hbm.xml,zksample2\spring-hibernate-backend\src\main\resources\de\forsthaus\backend\model\Office.hbm.xml
optimisticFailureCount,HibernateEntityStatistics.java,zksample2\\spring-hibernate-backend\\src\\main\\java\\de\\forsthaus\\backend\\model\\HibernateEntityStatistics.java,"<property name=""optimisticFailureCount"" column=""optimisticfailurecount""",30,HibernateEntityStatistics.hbm.xml,zksample2\spring-hibernate-backend\src\main\resources\de\forsthaus\backend\model\HibernateEntityStatistics.hbm.xml
optimisticFailureCount,HibernateStatistics.java,zksample2\\spring-hibernate-backend\\src\\main\\java\\de\\forsthaus\\backend\\model\\HibernateStatistics.java,"<property name=""optimisticFailureCount"" column=""optimisticfailurecount""",46,HibernateStatistics.hbm.xml,zksample2\spring-hibernate-backend\src\main\resources\de\forsthaus\backend\model\HibernateStatistics.hbm.xml
secTypDAO,SecurityServiceImpl.java,zksample2\\spring-hibernate-backend\\src\\main\\java\\de\\forsthaus\\backend\\service\\impl\\SecurityServiceImpl.java,"<property name=""secTypDAO"" ref=""secTypDAO"" />",187,applicationContext-hibernate.xml,zksample2\spring-hibernate-backend\src\main\resources\applicationContext-hibernate.xml
plwSecGroups,SecRolegroupCtrl.java,zksample2\\zkoss\\src\\main\\java\\de\\forsthaus\\webui\\security\\rolegroup\\SecRolegroupCtrl.java,"<property name=""plwSecGroups"" ref=""pagedListWrapper"" />",232,applicationContext-guiControllers.xml,zksample2\zkoss\src\main\resources\applicationContext-guiControllers.xml
plwSecGroups,SecGrouprightCtrl.java,zksample2\\zkoss\\src\\main\\java\\de\\forsthaus\\webui\\security\\groupright\\SecGrouprightCtrl.java,"<property name=""plwSecGroups"" ref=""pagedListWrapper"" />",204,applicationContext-guiControllers.xml,zksample2\zkoss\src\main\resources\applicationContext-guiControllers.xml
orderpositions,Article.java,zksample2\\spring-hibernate-backend\\src\\main\\java\\de\\forsthaus\\backend\\model\\Article.java,"<set name=""orderpositions"" inverse=""true"">",37,Article.hbm.xml,zksample2\spring-hibernate-backend\src\main\resources\de\forsthaus\backend\model\Article.hbm.xml
orderpositions,Order.java,zksample2\\spring-hibernate-backend\\src\\main\\java\\de\\forsthaus\\backend\\model\\Order.java,"<set name=""orderpositions"" fetch=""select"" inverse=""true"">",35,Order.hbm.xml,zksample2\spring-hibernate-backend\src\main\resources\de\forsthaus\backend\model\Order.hbm.xml
plwCustomers,OrderListCtrl.java,zksample2\\zkoss\\src\\main\\java\\de\\forsthaus\\webui\\order\\OrderListCtrl.java,"<property name=""plwCustomers"" ref=""pagedListWrapper"" />",143,applicationContext-guiControllers.xml,zksample2\zkoss\src\main\resources\applicationContext-guiControllers.xml
plwCustomers,OrderDialogCtrl.java,zksample2\\zkoss\\src\\main\\java\\de\\forsthaus\\webui\\order\\OrderDialogCtrl.java,"<property name=""plwCustomers"" ref=""pagedListWrapper"" />",150,applicationContext-guiControllers.xml,zksample2\zkoss\src\main\resources\applicationContext-guiControllers.xml
rigName,SecRight.java,zksample2\\spring-hibernate-backend\\src\\main\\java\\de\\forsthaus\\backend\\model\\SecRight.java,"<property name=""rigName"" type=""string"">",28,SecRight.hbm.xml,zksample2\spring-hibernate-backend\src\main\resources\de\forsthaus\backend\model\SecRight.hbm.xml
rolLongdescription,SecRole.java,zksample2\\spring-hibernate-backend\\src\\main\\java\\de\\forsthaus\\backend\\model\\SecRole.java,"<property name=""rolLongdescription"" type=""string"">",29,SecRole.hbm.xml,zksample2\spring-hibernate-backend\src\main\resources\de\forsthaus\backend\model\SecRole.hbm.xml
usrCredentialsnonexpired,SecUser.java,zksample2\\spring-hibernate-backend\\src\\main\\java\\de\\forsthaus\\backend\\model\\SecUser.java,"<property name=""usrCredentialsnonexpired"" type=""boolean"">",50,SecUser.hbm.xml,zksample2\spring-hibernate-backend\src\main\resources\de\forsthaus\backend\model\SecUser.hbm.xml
usrAccountnonlocked,SecUser.java,zksample2\\spring-hibernate-backend\\src\\main\\java\\de\\forsthaus\\backend\\model\\SecUser.java,"<property name=""usrAccountnonlocked"" type=""boolean"">",53,SecUser.hbm.xml,zksample2\spring-hibernate-backend\src\main\resources\de\forsthaus\backend\model\SecUser.hbm.xml
usrFirstname,SecUser.java,zksample2\\spring-hibernate-backend\\src\\main\\java\\de\\forsthaus\\backend\\model\\SecUser.java,"<property name=""usrFirstname"" type=""string"">",35,SecUser.hbm.xml,zksample2\spring-hibernate-backend\src\main\resources\de\forsthaus\backend\model\SecUser.hbm.xml
kunName1,Customer.java,zksample2\\spring-hibernate-backend\\src\\main\\java\\de\\forsthaus\\backend\\model\\Customer.java,"<property name=""kunName1"" type=""string"">",40,Customer.hbm.xml,zksample2\spring-hibernate-backend\src\main\resources\de\forsthaus\backend\model\Customer.hbm.xml
kunName2,Customer.java,zksample2\\spring-hibernate-backend\\src\\main\\java\\de\\forsthaus\\backend\\model\\Customer.java,"<property name=""kunName2"" type=""string"">",43,Customer.hbm.xml,zksample2\spring-hibernate-backend\src\main\resources\de\forsthaus\backend\model\Customer.hbm.xml
aufBezeichnung,Order.java,zksample2\\spring-hibernate-backend\\src\\main\\java\\de\\forsthaus\\backend\\model\\Order.java,"<property name=""aufBezeichnung"" type=""string"">",32,Order.hbm.xml,zksample2\spring-hibernate-backend\src\main\resources\de\forsthaus\backend\model\Order.hbm.xml
usrEmail,SecUser.java,zksample2\\spring-hibernate-backend\\src\\main\\java\\de\\forsthaus\\backend\\model\\SecUser.java,"<property name=""usrEmail"" type=""string"">",38,SecUser.hbm.xml,zksample2\spring-hibernate-backend\src\main\resources\de\forsthaus\backend\model\SecUser.hbm.xml
artNr,Article.java,zksample2\\spring-hibernate-backend\\src\\main\\java\\de\\forsthaus\\backend\\model\\Article.java,"<property name=""artNr"" type=""string"">",31,Article.hbm.xml,zksample2\spring-hibernate-backend\src\main\resources\de\forsthaus\backend\model\Article.hbm.xml
usrAccountnonexpired,SecUser.java,zksample2\\spring-hibernate-backend\\src\\main\\java\\de\\forsthaus\\backend\\model\\SecUser.java,"<property name=""usrAccountnonexpired"" type=""boolean"">",47,SecUser.hbm.xml,zksample2\spring-hibernate-backend\src\main\resources\de\forsthaus\backend\model\SecUser.hbm.xml
aupMenge,Orderposition.java,zksample2\\spring-hibernate-backend\\src\\main\\java\\de\\forsthaus\\backend\\model\\Orderposition.java,"<property name=""aupMenge"" type=""big_decimal"">",38,Orderposition.hbm.xml,zksample2\spring-hibernate-backend\src\main\resources\de\forsthaus\backend\model\Orderposition.hbm.xml
usrEnabled,SecUser.java,zksample2\\spring-hibernate-backend\\src\\main\\java\\de\\forsthaus\\backend\\model\\SecUser.java,"<property name=""usrEnabled"" type=""boolean"">",44,SecUser.hbm.xml,zksample2\spring-hibernate-backend\src\main\resources\de\forsthaus\backend\model\SecUser.hbm.xml
usrLastname,SecUser.java,zksample2\\spring-hibernate-backend\\src\\main\\java\\de\\forsthaus\\backend\\model\\SecUser.java,"<property name=""usrLastname"" type=""string"">",32,SecUser.hbm.xml,zksample2\spring-hibernate-backend\src\main\resources\de\forsthaus\backend\model\SecUser.hbm.xml
browserType,SecLoginlog.java,zksample2\\spring-hibernate-backend\\src\\main\\java\\de\\forsthaus\\backend\\model\\SecLoginlog.java,"<property name=""browserType"" type=""string"">",45,SecLoginlog.hbm.xml,zksample2\spring-hibernate-backend\src\main\resources\de\forsthaus\backend\model\SecLoginlog.hbm.xml
rigType,SecRight.java,zksample2\\spring-hibernate-backend\\src\\main\\java\\de\\forsthaus\\backend\\model\\SecRight.java,"<property name=""rigType"" type=""java.lang.Integer"">",25,SecRight.hbm.xml,zksample2\spring-hibernate-backend\src\main\resources\de\forsthaus\backend\model\SecRight.hbm.xml
grpLongdescription,SecGroup.java,zksample2\\spring-hibernate-backend\\src\\main\\java\\de\\forsthaus\\backend\\model\\SecGroup.java,"<property name=""grpLongdescription"" type=""string"">",29,SecGroup.hbm.xml,zksample2\spring-hibernate-backend\src\main\resources\de\forsthaus\backend\model\SecGroup.hbm.xml
usrPassword,SecUser.java,zksample2\\spring-hibernate-backend\\src\\main\\java\\de\\forsthaus\\backend\\model\\SecUser.java,"<property name=""usrPassword"" type=""string"">",29,SecUser.hbm.xml,zksample2\spring-hibernate-backend\src\main\resources\de\forsthaus\backend\model\SecUser.hbm.xml
usrToken,SecUser.java,zksample2\\spring-hibernate-backend\\src\\main\\java\\de\\forsthaus\\backend\\model\\SecUser.java,"<property name=""usrToken"" type=""string"">",56,SecUser.hbm.xml,zksample2\spring-hibernate-backend\src\main\resources\de\forsthaus\backend\model\SecUser.hbm.xml
artKurzbezeichnung,Article.java,zksample2\\spring-hibernate-backend\\src\\main\\java\\de\\forsthaus\\backend\\model\\Article.java,"<property name=""artKurzbezeichnung"" type=""string"">",25,Article.hbm.xml,zksample2\spring-hibernate-backend\src\main\resources\de\forsthaus\backend\model\Article.hbm.xml
grpShortdescription,SecGroup.java,zksample2\\spring-hibernate-backend\\src\\main\\java\\de\\forsthaus\\backend\\model\\SecGroup.java,"<property name=""grpShortdescription"" type=""string"">",25,SecGroup.hbm.xml,zksample2\spring-hibernate-backend\src\main\resources\de\forsthaus\backend\model\SecGroup.hbm.xml
kunMahnsperre,Customer.java,zksample2\\spring-hibernate-backend\\src\\main\\java\\de\\forsthaus\\backend\\model\\Customer.java,"<property name=""kunMahnsperre"" type=""java.lang.Boolean"">",49,Customer.hbm.xml,zksample2\spring-hibernate-backend\src\main\resources\de\forsthaus\backend\model\Customer.hbm.xml
kunOrt,Customer.java,zksample2\\spring-hibernate-backend\\src\\main\\java\\de\\forsthaus\\backend\\model\\Customer.java,"<property name=""kunOrt"" type=""string"">",46,Customer.hbm.xml,zksample2\spring-hibernate-backend\src\main\resources\de\forsthaus\backend\model\Customer.hbm.xml
aufNr,Order.java,zksample2\\spring-hibernate-backend\\src\\main\\java\\de\\forsthaus\\backend\\model\\Order.java,"<property name=""aufNr"" type=""string"">",29,Order.hbm.xml,zksample2\spring-hibernate-backend\src\main\resources\de\forsthaus\backend\model\Order.hbm.xml
kunMatchcode,Customer.java,zksample2\\spring-hibernate-backend\\src\\main\\java\\de\\forsthaus\\backend\\model\\Customer.java,"<property name=""kunMatchcode"" type=""string"">",37,Customer.hbm.xml,zksample2\spring-hibernate-backend\src\main\resources\de\forsthaus\backend\model\Customer.hbm.xml
rolShortdescription,SecRole.java,zksample2\\spring-hibernate-backend\\src\\main\\java\\de\\forsthaus\\backend\\model\\SecRole.java,"<property name=""rolShortdescription"" type=""string"">",25,SecRole.hbm.xml,zksample2\spring-hibernate-backend\src\main\resources\de\forsthaus\backend\model\SecRole.hbm.xml
finishTime,HibernateStatistics.java,zksample2\\spring-hibernate-backend\\src\\main\\java\\de\\forsthaus\\backend\\model\\HibernateStatistics.java,"<property name=""finishTime"" column=""finishtime"" type=""timestamp""",52,HibernateStatistics.hbm.xml,zksample2\spring-hibernate-backend\src\main\resources\de\forsthaus\backend\model\HibernateStatistics.hbm.xml
aupEinzelwert,Orderposition.java,zksample2\\spring-hibernate-backend\\src\\main\\java\\de\\forsthaus\\backend\\model\\Orderposition.java,"<property name=""aupEinzelwert"" type=""big_decimal"">",41,Orderposition.hbm.xml,zksample2\spring-hibernate-backend\src\main\resources\de\forsthaus\backend\model\Orderposition.hbm.xml
usrLoginname,SecUser.java,zksample2\\spring-hibernate-backend\\src\\main\\java\\de\\forsthaus\\backend\\model\\SecUser.java,"<property name=""usrLoginname"" type=""string"">",25,SecUser.hbm.xml,zksample2\spring-hibernate-backend\src\main\resources\de\forsthaus\backend\model\SecUser.hbm.xml
kunNr,Customer.java,zksample2\\spring-hibernate-backend\\src\\main\\java\\de\\forsthaus\\backend\\model\\Customer.java,"<property name=""kunNr"" type=""string"">",34,Customer.hbm.xml,zksample2\spring-hibernate-backend\src\main\resources\de\forsthaus\backend\model\Customer.hbm.xml
aupGesamtwert,Orderposition.java,zksample2\\spring-hibernate-backend\\src\\main\\java\\de\\forsthaus\\backend\\model\\Orderposition.java,"<property name=""aupGesamtwert"" type=""big_decimal"">",44,Orderposition.hbm.xml,zksample2\spring-hibernate-backend\src\main\resources\de\forsthaus\backend\model\Orderposition.hbm.xml
