url,FormSample.java,sagan\\sagan-site\\src\\main\\java\\sagan\\site\\projects\\admin\\ProjectFormSamples.java,"<td><input class=""input"" type=""text"" data-th-field=""*{newSample.url}""/></td>",83,edit-samples.html,sagan\sagan-site\src\main\resources\templates\admin\project\edit-samples.html
﻿url,FormSample.java,sagan\\sagan-site\\src\\main\\java\\sagan\\site\\projects\\admin\\ProjectFormSamples.java,"<td><input class=""input"" type=""text"" data-th-field=""*{samples[__${sampleStat.index}__].url}""/>",75,edit-samples.html,sagan\sagan-site\src\main\resources\templates\admin\project\edit-samples.html
name,FormGeneration.java,sagan\\sagan-site\\src\\main\\java\\sagan\\site\\projects\\admin\\ProjectFormGenerations.java,"data-th-errors=""*{newGeneration.name}"">Name must end with '.x'</p></td>",79,edit-support.html,sagan\sagan-site\src\main\resources\templates\admin\project\edit-support.html
name,FormGeneration.java,sagan\\sagan-site\\src\\main\\java\\sagan\\site\\projects\\admin\\ProjectFormGenerations.java,"<p class=""help is-danger"" data-th-if=""${#fields.hasErrors('newGeneration.name')}""",78,edit-support.html,sagan\sagan-site\src\main\resources\templates\admin\project\edit-support.html
name,FormGeneration.java,sagan\\sagan-site\\src\\main\\java\\sagan\\site\\projects\\admin\\ProjectFormGenerations.java,"<td><input class=""input"" type=""text"" data-th-field=""*{newGeneration.name}"" placeholder=""2.1.x or Name.x""/>",77,edit-support.html,sagan\sagan-site\src\main\resources\templates\admin\project\edit-support.html
name,FormGeneration.java,sagan\\sagan-site\\src\\main\\java\\sagan\\site\\projects\\admin\\ProjectFormGenerations.java,"<td><input type=""hidden"" data-th-field=""*{generations[__${generationStat.index}__].name}""/><span data-th-text=""${generation.name}"">2.1.x</span></td>",66,edit-support.html,sagan\sagan-site\src\main\resources\templates\admin\project\edit-support.html
name,ProjectFormMetadata.java,sagan\\sagan-site\\src\\main\\java\\sagan\\site\\projects\\admin\\ProjectFormMetadata.java,"<p class=""help is-danger"" data-th-if=""${#fields.hasErrors('name')}"" data-th-errors=""*{name}"">Incorrect",65,edit-metadata.html,sagan\sagan-site\src\main\resources\templates\admin\project\edit-metadata.html
name,ProjectFormMetadata.java,sagan\\sagan-site\\src\\main\\java\\sagan\\site\\projects\\admin\\ProjectFormMetadata.java,"type=""text"" data-th-field=""*{name}"" name=""name"" placeholder=""Name"">",40,new.html,sagan\sagan-site\src\main\resources\templates\admin\project\new.html
name,ProjectFormMetadata.java,sagan\\sagan-site\\src\\main\\java\\sagan\\site\\projects\\admin\\ProjectFormMetadata.java,"<p class=""help is-danger"" data-th-if=""${#fields.hasErrors('name')}"" data-th-errors=""*{name}"">Incorrect",41,new.html,sagan\sagan-site\src\main\resources\templates\admin\project\new.html
name,ProjectFormMetadata.java,sagan\\sagan-site\\src\\main\\java\\sagan\\site\\projects\\admin\\ProjectFormMetadata.java,"type=""text"" data-th-field=""*{name}"" name=""name"" placeholder=""Name"">",64,edit-metadata.html,sagan\sagan-site\src\main\resources\templates\admin\project\edit-metadata.html
name,ProjectGroup.java,sagan\\sagan-site\\src\\main\\java\\sagan\\site\\projects\\ProjectGroup.java,"<option data-th-each=""group : ${groups}"" data-th-value=""${group.name}"" data-th-text=""${group.label}"">",99,edit-info.html,sagan\sagan-site\src\main\resources\templates\admin\project\edit-info.html
name,ProjectGroup.java,sagan\\sagan-site\\src\\main\\java\\sagan\\site\\projects\\ProjectGroup.java,"<li class='blue pointer rad-5 border-box flex jc-between ai-center' data-th-each=""group : ${groups}"" data-th-attr=""data-group=${group.name}"" data-th-inline=""text"">[[${group.label}]]<img class='filter-exit'data-th-src=""@{/images/close.svg}"" alt=''></li>",26,index.html,sagan\sagan-site\src\main\resources\templates\projects\index.html
name,Project.java,sagan\\sagan-site\\src\\main\\java\\sagan\\site\\projects\\Project.java,"<li data-th-each=""project : ${projects}""><a data-th-href=""${project.display.siteUrl}"" data-th-text=""${project.name}"">Spring Framework</a></li>",57,guide.html,sagan\sagan-site\src\main\resources\templates\guides\gs\guide.html
name,Project.java,sagan\\sagan-site\\src\\main\\java\\sagan\\site\\projects\\Project.java,"<h3 class='h3 m-0 antialiased' data-th-text=""${project.name}"">Spring Boot</h3>",53,index.html,sagan\sagan-site\src\main\resources\templates\projects\index.html
name,Project.java,sagan\\sagan-site\\src\\main\\java\\sagan\\site\\projects\\Project.java,"<h3 class='h3 m-0 antialiased' data-th-text=""${project.name}"">Spring Boot</h3>",36,index.html,sagan\sagan-site\src\main\resources\templates\projects\index.html
name,Project.java,sagan\\sagan-site\\src\\main\\java\\sagan\\site\\projects\\Project.java,"<h3 class='h3 blue m-0 antialiased' data-th-text=""${project.name}"">Spring Boot</h3>",68,index.html,sagan\sagan-site\src\main\resources\templates\projects\index.html
name,Project.java,sagan\\sagan-site\\src\\main\\java\\sagan\\site\\projects\\Project.java,"<h3 class='h3 m-0 antialiased' data-th-text=""${project.name}"">Spring Kubernetes</h3>",20,index.html,sagan\sagan-site\src\main\resources\templates\projects\index.html
name,Project.java,sagan\\sagan-site\\src\\main\\java\\sagan\\site\\projects\\Project.java,"<td><a data-th-href=""@{'/admin/projects/' + ${project.id}}"" data-th-text=""${project.name}"">spring-framework</a></td>",34,index.html,sagan\sagan-site\src\main\resources\templates\admin\project\index.html
name,MemberProfile.java,sagan\\sagan-site\\src\\main\\java\\sagan\\site\\team\\MemberProfile.java,"<p><span class='author' data-th-text=""${newestPost.author.name}"">Author Name</span> |",19,index.html,sagan\sagan-site\src\main\resources\templates\learn\index.html
name,MemberProfile.java,sagan\\sagan-site\\src\\main\\java\\sagan\\site\\team\\MemberProfile.java,"<p><span class='author' data-th-text=""${post.author.name}"">Author Name</span> |",26,index.html,sagan\sagan-site\src\main\resources\templates\learn\index.html
name,MemberProfile.java,sagan\\sagan-site\\src\\main\\java\\sagan\\site\\team\\MemberProfile.java,"<a class=""author"" rel=""author"" data-th-text=""${post.author.name}"" data-th-href=""@{'/team/'+${post.author.username}}"" data-th-unless=""${post.author.hidden}"">Author</a>",19,_full_post.html,sagan\sagan-site\src\main\resources\templates\blog\_full_post.html
name,MemberProfile.java,sagan\\sagan-site\\src\\main\\java\\sagan\\site\\team\\MemberProfile.java,"<span class='author' data-th-text=""${post.author.name}"" data-th-if=""${post.author.hidden}"">Author</span>",85,index.html,sagan\sagan-site\src\main\resources\templates\blog\index.html
name,MemberProfile.java,sagan\\sagan-site\\src\\main\\java\\sagan\\site\\team\\MemberProfile.java,"<span class='author' data-th-text=""${newestPost.author.name}"" data-th-if=""${newestPost.author.hidden}"">Author</span>",45,index.html,sagan\sagan-site\src\main\resources\templates\blog\index.html
name,MemberProfile.java,sagan\\sagan-site\\src\\main\\java\\sagan\\site\\team\\MemberProfile.java,"<a class='author' data-th-text=""${newestPost.author.name}""",43,index.html,sagan\sagan-site\src\main\resources\templates\blog\index.html
name,MemberProfile.java,sagan\\sagan-site\\src\\main\\java\\sagan\\site\\team\\MemberProfile.java,"<span class='author' data-th-text=""${post.author.name}"" data-th-if=""${post.author.hidden}"">Author</span>",20,_full_post.html,sagan\sagan-site\src\main\resources\templates\blog\_full_post.html
name,MemberProfile.java,sagan\\sagan-site\\src\\main\\java\\sagan\\site\\team\\MemberProfile.java,"<a class='author' data-th-text=""${post.author.name}""",83,index.html,sagan\sagan-site\src\main\resources\templates\blog\index.html
name,MemberProfile.java,sagan\\sagan-site\\src\\main\\java\\sagan\\site\\team\\MemberProfile.java,"<span data-th-text=""${post.author.name}"">Emily Spring</span>",19,_posts_table.html,sagan\sagan-site\src\main\resources\templates\admin\blog\_posts_table.html
name,MemberProfile.java,sagan\\sagan-site\\src\\main\\java\\sagan\\site\\team\\MemberProfile.java,"<p class=""help is-danger"" data-th-if=""${#fields.hasErrors('name')}"" data-th-errors=""*{name}"">Incorrect",24,edit.html,sagan\sagan-site\src\main\resources\templates\admin\team\edit.html
name,MemberProfile.java,sagan\\sagan-site\\src\\main\\java\\sagan\\site\\team\\MemberProfile.java,"<p class=""help is-danger"" data-th-if=""${#fields.hasErrors('jobTitle')}"" data-th-errors=""*{name}"">Incorrect",34,edit.html,sagan\sagan-site\src\main\resources\templates\admin\team\edit.html
name,MemberProfile.java,sagan\\sagan-site\\src\\main\\java\\sagan\\site\\team\\MemberProfile.java,"type=""text"" data-th-field=""*{name}"" name=""name"" placeholder=""Name"">",23,edit.html,sagan\sagan-site\src\main\resources\templates\admin\team\edit.html
title,FormSample.java,sagan\\sagan-site\\src\\main\\java\\sagan\\site\\projects\\admin\\ProjectFormSamples.java,"<td><input class=""input"" type=""text"" data-th-field=""*{newSample.title}"" value=""true""/></td>",81,edit-samples.html,sagan\sagan-site\src\main\resources\templates\admin\project\edit-samples.html
title,FormSample.java,sagan\\sagan-site\\src\\main\\java\\sagan\\site\\projects\\admin\\ProjectFormSamples.java,"<td><input class=""input"" type=""text"" data-th-field=""*{samples[__${sampleStat.index}__].title}""/>",71,edit-samples.html,sagan\sagan-site\src\main\resources\templates\admin\project\edit-samples.html
title,Post.java,sagan\\sagan-site\\src\\main\\java\\sagan\\site\\blog\\Post.java,"<meta property=""og:title"" data-th-content=""${post.title}"">",18,show.html,sagan\sagan-site\src\main\resources\templates\blog\show.html
title,Post.java,sagan\\sagan-site\\src\\main\\java\\sagan\\site\\blog\\Post.java,"<a data-th-href=""@{${post.path}}"" data-th-text=""${post.title}"">",70,index.html,sagan\sagan-site\src\main\resources\templates\blog\index.html
title,Post.java,sagan\\sagan-site\\src\\main\\java\\sagan\\site\\blog\\Post.java,"<meta name=""twitter:title"" data-th-content=""${post.title}"">",10,show.html,sagan\sagan-site\src\main\resources\templates\blog\show.html
title,Post.java,sagan\\sagan-site\\src\\main\\java\\sagan\\site\\blog\\Post.java,"<td><a data-th-href=""@{${post.editPath}}"" data-th-text=""${post.title}"">This week in Spring</a></td>",13,_posts_table.html,sagan\sagan-site\src\main\resources\templates\admin\blog\_posts_table.html
title,Post.java,sagan\\sagan-site\\src\\main\\java\\sagan\\site\\blog\\Post.java,"<h2 class='blog--title'><a data-th-href=""@{${newestPost.path}}"" data-th-text=""${newestPost.title}"">Blog post title</a></h2>",33,index.html,sagan\sagan-site\src\main\resources\templates\blog\index.html
title,Post.java,sagan\\sagan-site\\src\\main\\java\\sagan\\site\\blog\\Post.java,"<a class='blue h3 antialiased link-darken' data-th-href=""@{${newestPost.path}}"" data-th-text=""${newestPost.title}"">Newest blog post title</a>",18,index.html,sagan\sagan-site\src\main\resources\templates\learn\index.html
title,Post.java,sagan\\sagan-site\\src\\main\\java\\sagan\\site\\blog\\Post.java,"class=""member-post--title"" data-th-text=""${post.title}"">",81,show.html,sagan\sagan-site\src\main\resources\templates\team\show.html
title,Post.java,sagan\\sagan-site\\src\\main\\java\\sagan\\site\\blog\\Post.java,"<a class='blue h3 antialiased link-darken' data-th-href=""@{${post.path}}"" data-th-text=""${post.title}"">Blog post title</a>",25,index.html,sagan\sagan-site\src\main\resources\templates\learn\index.html
title,Post.java,sagan\\sagan-site\\src\\main\\java\\sagan\\site\\blog\\Post.java,"<p class=""help is-danger"" data-th-if=""${#fields.hasErrors('title')}"" data-th-errors=""*{title}"">Incorrect",22,new.html,sagan\sagan-site\src\main\resources\templates\admin\blog\new.html
title,Post.java,sagan\\sagan-site\\src\\main\\java\\sagan\\site\\blog\\Post.java,"type=""text"" data-th-field=""*{title}"" name=""title"" placeholder=""Blog post title"">",21,new.html,sagan\sagan-site\src\main\resources\templates\admin\blog\new.html
title,Post.java,sagan\\sagan-site\\src\\main\\java\\sagan\\site\\blog\\Post.java,"<input class=""input"" data-th-classappend=""(${#fields.hasErrors('title')}? ' is-danger')""",20,new.html,sagan\sagan-site\src\main\resources\templates\admin\blog\new.html
title,Post.java,sagan\\sagan-site\\src\\main\\java\\sagan\\site\\blog\\Post.java,"<div class=""desktop-only"" data-th-unless=""${title}"">",29,show.html,sagan\sagan-site\src\main\resources\templates\blog\show.html
post,PostView.java,sagan\\sagan-site\\src\\main\\java\\sagan\\site\\blog\\support\\PostView.java,"<meta name=""twitter:creator"" data-th-if=""${post.author.hasTwitterUsername()}""",12,show.html,sagan\sagan-site\src\main\resources\templates\blog\show.html
post,PostView.java,sagan\\sagan-site\\src\\main\\java\\sagan\\site\\blog\\support\\PostView.java,"data-th-text=""${post.category}"">Category</a>",78,index.html,sagan\sagan-site\src\main\resources\templates\blog\index.html
post,PostView.java,sagan\\sagan-site\\src\\main\\java\\sagan\\site\\blog\\support\\PostView.java,"data-th-text='${#dates.format(post.publishAt* ""MMMM d* yyyy"")}'>June 18* 2013",90,index.html,sagan\sagan-site\src\main\resources\templates\blog\index.html
post,PostView.java,sagan\\sagan-site\\src\\main\\java\\sagan\\site\\blog\\support\\PostView.java,"<div data-th-object=""${post}"">",26,show.html,sagan\sagan-site\src\main\resources\templates\blog\show.html
post,PostView.java,sagan\\sagan-site\\src\\main\\java\\sagan\\site\\blog\\support\\PostView.java,"<span class=""tag is-primary"" data-th-text=""${post.category}"">News</span>",23,_posts_table.html,sagan\sagan-site\src\main\resources\templates\admin\blog\_posts_table.html
post,PostView.java,sagan\\sagan-site\\src\\main\\java\\sagan\\site\\blog\\support\\PostView.java,"<span class='author' data-th-text=""${post.author.name}"" data-th-if=""${post.author.hidden}"">Author</span>",85,index.html,sagan\sagan-site\src\main\resources\templates\blog\index.html
post,PostView.java,sagan\\sagan-site\\src\\main\\java\\sagan\\site\\blog\\support\\PostView.java,"<meta property=""og:description"" data-th-content=""${post.renderedSummary}"">",21,show.html,sagan\sagan-site\src\main\resources\templates\blog\show.html
post,PostView.java,sagan\\sagan-site\\src\\main\\java\\sagan\\site\\blog\\support\\PostView.java,"<div data-th-class=""${'meta-data--icon icon blog-icon '+ #strings.toLowerCase(post.category).replace(' '*'-')}""></div>",85,show.html,sagan\sagan-site\src\main\resources\templates\team\show.html
post,PostView.java,sagan\\sagan-site\\src\\main\\java\\sagan\\site\\blog\\support\\PostView.java,"<meta property=""og:title"" data-th-content=""${post.title}"">",18,show.html,sagan\sagan-site\src\main\resources\templates\blog\show.html
post,PostView.java,sagan\\sagan-site\\src\\main\\java\\sagan\\site\\blog\\support\\PostView.java,"<a data-th-href=""@{${post.path}}"" data-th-text=""${post.title}"">",70,index.html,sagan\sagan-site\src\main\resources\templates\blog\index.html
post,PostView.java,sagan\\sagan-site\\src\\main\\java\\sagan\\site\\blog\\support\\PostView.java,"<a class='comments' data-th-attr=""data-disqus-identifier=${post.id}""",95,index.html,sagan\sagan-site\src\main\resources\templates\blog\index.html
post,PostView.java,sagan\\sagan-site\\src\\main\\java\\sagan\\site\\blog\\support\\PostView.java,"<a class='author' data-th-href=""@{'/team/'+${post.author.username}}"">",15,_posts_table.html,sagan\sagan-site\src\main\resources\templates\admin\blog\_posts_table.html
post,PostView.java,sagan\\sagan-site\\src\\main\\java\\sagan\\site\\blog\\support\\PostView.java,"<div data-th-utext=""${post.renderedSummary}"">",100,index.html,sagan\sagan-site\src\main\resources\templates\blog\index.html
post,PostView.java,sagan\\sagan-site\\src\\main\\java\\sagan\\site\\blog\\support\\PostView.java,"<meta name=""twitter:image:src"" data-th-unless=""${#strings.isEmpty(post.author.avatarUrl)}""",14,show.html,sagan\sagan-site\src\main\resources\templates\blog\show.html
post,PostView.java,sagan\\sagan-site\\src\\main\\java\\sagan\\site\\blog\\support\\PostView.java,"data-th-if=""${post.showReadMore()}"">",105,index.html,sagan\sagan-site\src\main\resources\templates\blog\index.html
post,PostView.java,sagan\\sagan-site\\src\\main\\java\\sagan\\site\\blog\\support\\PostView.java,"<meta property=""og:article:published_time"" data-th-content=""${post.publishAt}"">",23,show.html,sagan\sagan-site\src\main\resources\templates\blog\show.html
post,PostView.java,sagan\\sagan-site\\src\\main\\java\\sagan\\site\\blog\\support\\PostView.java,"<meta name=""twitter:title"" data-th-content=""${post.title}"">",10,show.html,sagan\sagan-site\src\main\resources\templates\blog\show.html
post,PostView.java,sagan\\sagan-site\\src\\main\\java\\sagan\\site\\blog\\support\\PostView.java,"data-th-text='${#dates.format(post.publishAt* ""MMMM d* yyyy"")}'>June",93,show.html,sagan\sagan-site\src\main\resources\templates\team\show.html
post,PostView.java,sagan\\sagan-site\\src\\main\\java\\sagan\\site\\blog\\support\\PostView.java,"data-th-if=""${post.showReadMore()}"">",105,show.html,sagan\sagan-site\src\main\resources\templates\team\show.html
post,PostView.java,sagan\\sagan-site\\src\\main\\java\\sagan\\site\\blog\\support\\PostView.java,"data-th-href=""@{/admin/blog/{id}-{slug}/edit(id=${post.id}*slug=${slug})}"">Edit blog post</a></span>",7,_full_post.html,sagan\sagan-site\src\main\resources\templates\blog\_full_post.html
post,PostView.java,sagan\\sagan-site\\src\\main\\java\\sagan\\site\\blog\\support\\PostView.java,"<article class=""blog--container blog-preview"" data-th-each=""post : ${posts}"">",68,index.html,sagan\sagan-site\src\main\resources\templates\blog\index.html
post,PostView.java,sagan\\sagan-site\\src\\main\\java\\sagan\\site\\blog\\support\\PostView.java,"data-th-href=""@{${post.path} + '#disqus_thread'}"">0 Comment</a>",96,index.html,sagan\sagan-site\src\main\resources\templates\blog\index.html
post,PostView.java,sagan\\sagan-site\\src\\main\\java\\sagan\\site\\blog\\support\\PostView.java,"<meta property=""og:image"" data-th-unless=""${#strings.isEmpty(post.author.avatarUrl)}""",19,show.html,sagan\sagan-site\src\main\resources\templates\blog\show.html
post,PostView.java,sagan\\sagan-site\\src\\main\\java\\sagan\\site\\blog\\support\\PostView.java,"<time class='date' pubdate data-th-datetime=""${post.publishAt}""",92,show.html,sagan\sagan-site\src\main\resources\templates\team\show.html
post,PostView.java,sagan\\sagan-site\\src\\main\\java\\sagan\\site\\blog\\support\\PostView.java,"data-th-href=""@{'/team/'+${post.author.username}}"" data-th-unless=""${post.author.hidden}"">Author</a>",84,index.html,sagan\sagan-site\src\main\resources\templates\blog\index.html
post,PostView.java,sagan\\sagan-site\\src\\main\\java\\sagan\\site\\blog\\support\\PostView.java,"<article class=""member-post--container"" data-th-each=""post : ${posts}"">",78,show.html,sagan\sagan-site\src\main\resources\templates\team\show.html
post,PostView.java,sagan\\sagan-site\\src\\main\\java\\sagan\\site\\blog\\support\\PostView.java,"<img class=""meta-data--icon"" data-th-src=""@{${post.author.avatarUrl} + '?s=20&amp;d=mm'}"" />",18,_full_post.html,sagan\sagan-site\src\main\resources\templates\blog\_full_post.html
post,PostView.java,sagan\\sagan-site\\src\\main\\java\\sagan\\site\\blog\\support\\PostView.java,"<time class='date' pubdate data-th-datetime=""${post.publishAt}""",89,index.html,sagan\sagan-site\src\main\resources\templates\blog\index.html
post,PostView.java,sagan\\sagan-site\\src\\main\\java\\sagan\\site\\blog\\support\\PostView.java,"<a class=""member-post--title-link"" data-th-href=""@{${post.path}}""><h2",80,show.html,sagan\sagan-site\src\main\resources\templates\team\show.html
post,PostView.java,sagan\\sagan-site\\src\\main\\java\\sagan\\site\\blog\\support\\PostView.java,"data-th-href=""@{'/blog/category/'+${post.category.urlSlug}}""",87,show.html,sagan\sagan-site\src\main\resources\templates\team\show.html
post,PostView.java,sagan\\sagan-site\\src\\main\\java\\sagan\\site\\blog\\support\\PostView.java,"<meta name=""twitter:description"" data-th-content=""${post.renderedSummary}"">",11,show.html,sagan\sagan-site\src\main\resources\templates\blog\show.html
post,PostView.java,sagan\\sagan-site\\src\\main\\java\\sagan\\site\\blog\\support\\PostView.java,"<a class=""author"" rel=""author"" data-th-text=""${post.author.name}"" data-th-href=""@{'/team/'+${post.author.username}}"" data-th-unless=""${post.author.hidden}"">Author</a>",19,_full_post.html,sagan\sagan-site\src\main\resources\templates\blog\_full_post.html
post,PostView.java,sagan\\sagan-site\\src\\main\\java\\sagan\\site\\blog\\support\\PostView.java,"<td data-th-text=""${post.formattedPublishDate}"">January 01* 2020</td>",25,_posts_table.html,sagan\sagan-site\src\main\resources\templates\admin\blog\_posts_table.html
post,PostView.java,sagan\\sagan-site\\src\\main\\java\\sagan\\site\\blog\\support\\PostView.java,"data-th-content=""${post.author.avatarUrl} + '?s=200'"">",20,show.html,sagan\sagan-site\src\main\resources\templates\blog\show.html
post,PostView.java,sagan\\sagan-site\\src\\main\\java\\sagan\\site\\blog\\support\\PostView.java,"<a class=""blog-preview--readmore desktop-only"" data-th-href=""@{${post.path}}""",104,index.html,sagan\sagan-site\src\main\resources\templates\blog\index.html
post,PostView.java,sagan\\sagan-site\\src\\main\\java\\sagan\\site\\blog\\support\\PostView.java,"<tr data-th-each=""post : ${posts}"" data-th-insert=""admin/blog/_posts_table post-row""></tr>",77,index.html,sagan\sagan-site\src\main\resources\templates\admin\blog\index.html
post,PostView.java,sagan\\sagan-site\\src\\main\\java\\sagan\\site\\blog\\support\\PostView.java,"<a class=""blog-preview--readmore"" data-th-href=""@{${post.path}}""",104,show.html,sagan\sagan-site\src\main\resources\templates\team\show.html
post,PostView.java,sagan\\sagan-site\\src\\main\\java\\sagan\\site\\blog\\support\\PostView.java,"data-th-text=""${post.category}"">Category</a>",88,show.html,sagan\sagan-site\src\main\resources\templates\team\show.html
post,PostView.java,sagan\\sagan-site\\src\\main\\java\\sagan\\site\\blog\\support\\PostView.java,"<td><a data-th-href=""@{${post.editPath}}"" data-th-text=""${post.title}"">This week in Spring</a></td>",13,_posts_table.html,sagan\sagan-site\src\main\resources\templates\admin\blog\_posts_table.html
post,PostView.java,sagan\\sagan-site\\src\\main\\java\\sagan\\site\\blog\\support\\PostView.java,"<div data-th-class=""${'meta-data--icon icon blog-icon '+ #strings.toLowerCase(post.category).replace(' '*'-')}""></div>",76,index.html,sagan\sagan-site\src\main\resources\templates\blog\index.html
post,PostView.java,sagan\\sagan-site\\src\\main\\java\\sagan\\site\\blog\\support\\PostView.java,"<tr data-th-each=""post : ${scheduled}"" data-th-insert=""admin/blog/_posts_table post-row"">",66,index.html,sagan\sagan-site\src\main\resources\templates\admin\blog\index.html
post,PostView.java,sagan\\sagan-site\\src\\main\\java\\sagan\\site\\blog\\support\\PostView.java,"data-th-content=""${post.author.avatarUrl} + '?s=200'"">",15,show.html,sagan\sagan-site\src\main\resources\templates\blog\show.html
post,PostView.java,sagan\\sagan-site\\src\\main\\java\\sagan\\site\\blog\\support\\PostView.java,"<span class='author' data-th-text=""${post.author.name}"" data-th-if=""${post.author.hidden}"">Author</span>",20,_full_post.html,sagan\sagan-site\src\main\resources\templates\blog\_full_post.html
post,PostView.java,sagan\\sagan-site\\src\\main\\java\\sagan\\site\\blog\\support\\PostView.java,"<time class='date' pubdate data-th-datetime=""${post.publishAt}"" data-th-text='${post.formattedPublishDate}'>June 18* 2013</time>",24,_full_post.html,sagan\sagan-site\src\main\resources\templates\blog\_full_post.html
post,PostView.java,sagan\\sagan-site\\src\\main\\java\\sagan\\site\\blog\\support\\PostView.java,"<div data-th-class=""${'meta-data--icon icon blog-icon '+ #strings.toLowerCase(post.category).replace(' '*'-')}""></div>",14,_full_post.html,sagan\sagan-site\src\main\resources\templates\blog\_full_post.html
post,PostView.java,sagan\\sagan-site\\src\\main\\java\\sagan\\site\\blog\\support\\PostView.java,"<tr data-th-each=""post : ${drafts}"" data-th-insert=""admin/blog/_posts_table post-row"">",56,index.html,sagan\sagan-site\src\main\resources\templates\admin\blog\index.html
post,PostView.java,sagan\\sagan-site\\src\\main\\java\\sagan\\site\\blog\\support\\PostView.java,"<a class='author' data-th-text=""${post.author.name}""",83,index.html,sagan\sagan-site\src\main\resources\templates\blog\index.html
post,PostView.java,sagan\\sagan-site\\src\\main\\java\\sagan\\site\\blog\\support\\PostView.java,"<span data-th-text=""${post.author.name}"">Emily Spring</span>",19,_posts_table.html,sagan\sagan-site\src\main\resources\templates\admin\blog\_posts_table.html
post,PostView.java,sagan\\sagan-site\\src\\main\\java\\sagan\\site\\blog\\support\\PostView.java,"<a class='category' data-th-href=""@{'/blog/category/' + *{category.urlSlug}}"" data-th-text=""${post.category}"">Category</a>",15,_full_post.html,sagan\sagan-site\src\main\resources\templates\blog\_full_post.html
post,PostView.java,sagan\\sagan-site\\src\\main\\java\\sagan\\site\\blog\\support\\PostView.java,"class=""member-post--title"" data-th-text=""${post.title}"">",81,show.html,sagan\sagan-site\src\main\resources\templates\team\show.html
post,PostView.java,sagan\\sagan-site\\src\\main\\java\\sagan\\site\\blog\\support\\PostView.java,"data-th-src=""@{${post.author.avatarUrl} + '?s=20&amp;d=mm'}""/>",82,index.html,sagan\sagan-site\src\main\resources\templates\blog\index.html
post,PostView.java,sagan\\sagan-site\\src\\main\\java\\sagan\\site\\blog\\support\\PostView.java,"<a class='category' data-th-href=""@{'/blog/category/'+${post.category.urlSlug}}""",77,index.html,sagan\sagan-site\src\main\resources\templates\blog\index.html
post,PostView.java,sagan\\sagan-site\\src\\main\\java\\sagan\\site\\blog\\support\\PostView.java,"<section data-th-utext=""${post.renderedSummary}"" class='member-post--summary'>This has",100,show.html,sagan\sagan-site\src\main\resources\templates\team\show.html
post,PostView.java,sagan\\sagan-site\\src\\main\\java\\sagan\\site\\blog\\support\\PostView.java,"<a class='comments' data-th-attr=""data-disqus-identifier=${post.id}"" data-th-href=""@{${post.path} + '#disqus_thread'}"">0 Comment</a>",28,_full_post.html,sagan\sagan-site\src\main\resources\templates\blog\_full_post.html
post,PostView.java,sagan\\sagan-site\\src\\main\\java\\sagan\\site\\blog\\support\\PostView.java,"data-th-content=""'@' + ${post.author.twitterUsername}"">",13,show.html,sagan\sagan-site\src\main\resources\templates\blog\show.html
hidden,MemberProfile.java,sagan\\sagan-site\\src\\main\\java\\sagan\\site\\team\\MemberProfile.java,"<a class=""author"" rel=""author"" data-th-text=""${post.author.name}"" data-th-href=""@{'/team/'+${post.author.username}}"" data-th-unless=""${post.author.hidden}"">Author</a>",19,_full_post.html,sagan\sagan-site\src\main\resources\templates\blog\_full_post.html
hidden,MemberProfile.java,sagan\\sagan-site\\src\\main\\java\\sagan\\site\\team\\MemberProfile.java,"data-th-href=""@{'/team/'+${newestPost.author.username}}"" data-th-unless=""${newestPost.author.hidden}"">Author</a>",44,index.html,sagan\sagan-site\src\main\resources\templates\blog\index.html
hidden,MemberProfile.java,sagan\\sagan-site\\src\\main\\java\\sagan\\site\\team\\MemberProfile.java,"<span class='author' data-th-text=""${post.author.name}"" data-th-if=""${post.author.hidden}"">Author</span>",85,index.html,sagan\sagan-site\src\main\resources\templates\blog\index.html
hidden,MemberProfile.java,sagan\\sagan-site\\src\\main\\java\\sagan\\site\\team\\MemberProfile.java,"<span class='author' data-th-text=""${post.author.name}"" data-th-if=""${post.author.hidden}"">Author</span>",20,_full_post.html,sagan\sagan-site\src\main\resources\templates\blog\_full_post.html
hidden,MemberProfile.java,sagan\\sagan-site\\src\\main\\java\\sagan\\site\\team\\MemberProfile.java,"<span class='author' data-th-text=""${newestPost.author.name}"" data-th-if=""${newestPost.author.hidden}"">Author</span>",45,index.html,sagan\sagan-site\src\main\resources\templates\blog\index.html
hidden,MemberProfile.java,sagan\\sagan-site\\src\\main\\java\\sagan\\site\\team\\MemberProfile.java,"data-th-href=""@{'/team/'+${post.author.username}}"" data-th-unless=""${post.author.hidden}"">Author</a>",84,index.html,sagan\sagan-site\src\main\resources\templates\blog\index.html
hidden,MemberProfile.java,sagan\\sagan-site\\src\\main\\java\\sagan\\site\\team\\MemberProfile.java,"<label class=""checkbox""><input class=""checkbox"" type=""checkbox"" data-th-field=""*{hidden}""",40,edit.html,sagan\sagan-site\src\main\resources\templates\admin\team\edit.html
label,PageElement.java,sagan\\sagan-site\\src\\main\\java\\sagan\\site\\support\\nav\\PageElement.java,"data-th-href=""@{/admin/blog(page=${element.label})}"" data-th-text=""${element.label}"">1</a>",90,index.html,sagan\sagan-site\src\main\resources\templates\admin\blog\index.html
label,PageElement.java,sagan\\sagan-site\\src\\main\\java\\sagan\\site\\support\\nav\\PageElement.java,"<a data-th-href=""@{/blog(page=${element.label})}"" data-th-text=""${element.label}""",115,index.html,sagan\sagan-site\src\main\resources\templates\blog\index.html
label,PageElement.java,sagan\\sagan-site\\src\\main\\java\\sagan\\site\\support\\nav\\PageElement.java,"<div data-th-text=""${element.label}""",119,index.html,sagan\sagan-site\src\main\resources\templates\blog\index.html
label,PageElement.java,sagan\\sagan-site\\src\\main\\java\\sagan\\site\\support\\nav\\PageElement.java,"<div data-th-text=""${element.label}"" data-th-if=""${!element.navigable && element.currentPage}""",117,index.html,sagan\sagan-site\src\main\resources\templates\blog\index.html
label,ProjectGroup.java,sagan\\sagan-site\\src\\main\\java\\sagan\\site\\projects\\ProjectGroup.java,"<option data-th-each=""group : ${groups}"" data-th-value=""${group.name}"" data-th-text=""${group.label}"">",99,edit-info.html,sagan\sagan-site\src\main\resources\templates\admin\project\edit-info.html
label,SpringToolsDownload.java,sagan\\sagan-site\\src\\main\\java\\sagan\\site\\tools\\SpringToolsDownload.java,"data-th-href=""${download.downloadUrl}""><strong data-th-text=""|${download.label} ${download.version}|"">Spring Tools 4</strong><br><span class='smaller thin tt-none'>VSCode Marketplace</span></a>",40,list.html,sagan\sagan-site\src\main\resources\templates\tools\list.html
label,SpringToolsDownload.java,sagan\\sagan-site\\src\\main\\java\\sagan\\site\\tools\\SpringToolsDownload.java,"<td><input class=""input"" type=""text"" data-th-field=""*{downloads[__${downloadStat.index}__].label}""/></td>",40,edit.html,sagan\sagan-site\src\main\resources\templates\admin\tools\edit.html
label,SpringToolsDownload.java,sagan\\sagan-site\\src\\main\\java\\sagan\\site\\tools\\SpringToolsDownload.java,"<td><input class=""input"" type=""text"" data-th-field=""*{downloads[__${size}__].label}""/></td>",47,edit.html,sagan\sagan-site\src\main\resources\templates\admin\tools\edit.html
label,SpringToolsDownload.java,sagan\\sagan-site\\src\\main\\java\\sagan\\site\\tools\\SpringToolsDownload.java,"data-th-each=""download : ${theia.downloads}"" data-th-href=""${download.downloadUrl}""><strong data-th-text=""|${download.label} ${download.version}|"">Spring Tools 4</strong><br><span class='smaller thin tt-none'>Installation for Theia</span></a>",53,list.html,sagan\sagan-site\src\main\resources\templates\tools\list.html
label,SpringToolsDownload.java,sagan\\sagan-site\\src\\main\\java\\sagan\\site\\tools\\SpringToolsDownload.java,"data-th-href=""${download.downloadUrl}"" data-th-text=""|${download.version} ${download.label}|"">v4.5 STS4 Linux 64-bit</a>",26,list.html,sagan\sagan-site\src\main\resources\templates\tools\list.html
description,FormSample.java,sagan\\sagan-site\\src\\main\\java\\sagan\\site\\projects\\admin\\ProjectFormSamples.java,"<td><textarea class=""textarea"" data-th-field=""*{newSample.description}""></textarea></td>",82,edit-samples.html,sagan\sagan-site\src\main\resources\templates\admin\project\edit-samples.html
description,FormSample.java,sagan\\sagan-site\\src\\main\\java\\sagan\\site\\projects\\admin\\ProjectFormSamples.java,"data-th-field=""*{samples[__${sampleStat.index}__].description}""></textarea></td>",74,edit-samples.html,sagan\sagan-site\src\main\resources\templates\admin\project\edit-samples.html
author,Post.java,sagan\\sagan-site\\src\\main\\java\\sagan\\site\\blog\\Post.java,"<meta name=""twitter:creator"" data-th-if=""${post.author.hasTwitterUsername()}""",12,show.html,sagan\sagan-site\src\main\resources\templates\blog\show.html
author,Post.java,sagan\\sagan-site\\src\\main\\java\\sagan\\site\\blog\\Post.java,"<p><span class='author' data-th-text=""${newestPost.author.name}"">Author Name</span> |",19,index.html,sagan\sagan-site\src\main\resources\templates\learn\index.html
author,Post.java,sagan\\sagan-site\\src\\main\\java\\sagan\\site\\blog\\Post.java,"<a class=""author"" rel=""author"" data-th-text=""${post.author.name}"" data-th-href=""@{'/team/'+${post.author.username}}"" data-th-unless=""${post.author.hidden}"">Author</a>",19,_full_post.html,sagan\sagan-site\src\main\resources\templates\blog\_full_post.html
author,Post.java,sagan\\sagan-site\\src\\main\\java\\sagan\\site\\blog\\Post.java,"<meta name=""twitter:image:src"" data-th-unless=""${#strings.isEmpty(post.author.avatarUrl)}""",14,show.html,sagan\sagan-site\src\main\resources\templates\blog\show.html
author,Post.java,sagan\\sagan-site\\src\\main\\java\\sagan\\site\\blog\\Post.java,"<a class='author' data-th-text=""${post.author.name}""",83,index.html,sagan\sagan-site\src\main\resources\templates\blog\index.html
author,Post.java,sagan\\sagan-site\\src\\main\\java\\sagan\\site\\blog\\Post.java,"data-th-content=""${post.author.avatarUrl} + '?s=200'"">",20,show.html,sagan\sagan-site\src\main\resources\templates\blog\show.html
author,Post.java,sagan\\sagan-site\\src\\main\\java\\sagan\\site\\blog\\Post.java,"data-th-href=""@{'/team/'+${newestPost.author.username}}"" data-th-unless=""${newestPost.author.hidden}"">Author</a>",44,index.html,sagan\sagan-site\src\main\resources\templates\blog\index.html
author,Post.java,sagan\\sagan-site\\src\\main\\java\\sagan\\site\\blog\\Post.java,"<span data-th-text=""${post.author.name}"">Emily Spring</span>",19,_posts_table.html,sagan\sagan-site\src\main\resources\templates\admin\blog\_posts_table.html
author,Post.java,sagan\\sagan-site\\src\\main\\java\\sagan\\site\\blog\\Post.java,"<a class='author' data-th-text=""${newestPost.author.name}""",43,index.html,sagan\sagan-site\src\main\resources\templates\blog\index.html
author,Post.java,sagan\\sagan-site\\src\\main\\java\\sagan\\site\\blog\\Post.java,"<span class='author' data-th-text=""${post.author.name}"" data-th-if=""${post.author.hidden}"">Author</span>",85,index.html,sagan\sagan-site\src\main\resources\templates\blog\index.html
author,Post.java,sagan\\sagan-site\\src\\main\\java\\sagan\\site\\blog\\Post.java,"data-th-src=""@{${post.author.avatarUrl} + '?s=20&amp;d=mm'}""/>",82,index.html,sagan\sagan-site\src\main\resources\templates\blog\index.html
author,Post.java,sagan\\sagan-site\\src\\main\\java\\sagan\\site\\blog\\Post.java,"<span class='author' data-th-text=""${newestPost.author.name}"" data-th-if=""${newestPost.author.hidden}"">Author</span>",45,index.html,sagan\sagan-site\src\main\resources\templates\blog\index.html
author,Post.java,sagan\\sagan-site\\src\\main\\java\\sagan\\site\\blog\\Post.java,"<p><span class='author' data-th-text=""${post.author.name}"">Author Name</span> |",26,index.html,sagan\sagan-site\src\main\resources\templates\learn\index.html
author,Post.java,sagan\\sagan-site\\src\\main\\java\\sagan\\site\\blog\\Post.java,"<meta property=""og:image"" data-th-unless=""${#strings.isEmpty(post.author.avatarUrl)}""",19,show.html,sagan\sagan-site\src\main\resources\templates\blog\show.html
author,Post.java,sagan\\sagan-site\\src\\main\\java\\sagan\\site\\blog\\Post.java,"data-th-href=""@{'/team/'+${post.author.username}}"" data-th-unless=""${post.author.hidden}"">Author</a>",84,index.html,sagan\sagan-site\src\main\resources\templates\blog\index.html
author,Post.java,sagan\\sagan-site\\src\\main\\java\\sagan\\site\\blog\\Post.java,"<img class=""meta-data--icon"" data-th-src=""@{${post.author.avatarUrl} + '?s=20&amp;d=mm'}"" />",18,_full_post.html,sagan\sagan-site\src\main\resources\templates\blog\_full_post.html
author,Post.java,sagan\\sagan-site\\src\\main\\java\\sagan\\site\\blog\\Post.java,"data-th-src=""@{${newestPost.author.avatarUrl} + '?s=20&amp;d=mm'}""/>",42,index.html,sagan\sagan-site\src\main\resources\templates\blog\index.html
author,Post.java,sagan\\sagan-site\\src\\main\\java\\sagan\\site\\blog\\Post.java,"data-th-content=""'@' + ${post.author.twitterUsername}"">",13,show.html,sagan\sagan-site\src\main\resources\templates\blog\show.html
author,Post.java,sagan\\sagan-site\\src\\main\\java\\sagan\\site\\blog\\Post.java,"<a class='author' data-th-href=""@{'/team/'+${post.author.username}}"">",15,_posts_table.html,sagan\sagan-site\src\main\resources\templates\admin\blog\_posts_table.html
author,Post.java,sagan\\sagan-site\\src\\main\\java\\sagan\\site\\blog\\Post.java,"data-th-content=""${post.author.avatarUrl} + '?s=200'"">",15,show.html,sagan\sagan-site\src\main\resources\templates\blog\show.html
author,Post.java,sagan\\sagan-site\\src\\main\\java\\sagan\\site\\blog\\Post.java,"<span class='author' data-th-text=""${post.author.name}"" data-th-if=""${post.author.hidden}"">Author</span>",20,_full_post.html,sagan\sagan-site\src\main\resources\templates\blog\_full_post.html
version,FormRelease.java,sagan\\sagan-site\\src\\main\\java\\sagan\\site\\projects\\admin\\ProjectFormReleases.java,"<td><span data-th-text=""*{releases[__${releaseStat.index}__].version}""></span></td>",68,edit-releases.html,sagan\sagan-site\src\main\resources\templates\admin\project\edit-releases.html
version,FormRelease.java,sagan\\sagan-site\\src\\main\\java\\sagan\\site\\projects\\admin\\ProjectFormReleases.java,"<td><input class=""input"" type=""text"" data-th-field=""*{newRelease.version}""/></td>",76,edit-releases.html,sagan\sagan-site\src\main\resources\templates\admin\project\edit-releases.html
version,FormRelease.java,sagan\\sagan-site\\src\\main\\java\\sagan\\site\\projects\\admin\\ProjectFormReleases.java,"<input class=""input"" type=""hidden"" data-th-field=""*{releases[__${releaseStat.index}__].version}""/>",65,edit-releases.html,sagan\sagan-site\src\main\resources\templates\admin\project\edit-releases.html
version,Release.java,sagan\\sagan-site\\src\\main\\java\\sagan\\site\\projects\\Release.java,"<span class=""release-display-name"" data-th-text=""${release.version}"">",161,show.html,sagan\sagan-site\src\main\resources\templates\projects\show.html
version,Release.java,sagan\\sagan-site\\src\\main\\java\\sagan\\site\\projects\\Release.java,"data-th-text=""${release.version}"">",47,show.html,sagan\sagan-site\src\main\resources\templates\projects\show.html
version,Release.java,sagan\\sagan-site\\src\\main\\java\\sagan\\site\\projects\\Release.java,"<span class=""release-display-name"" data-th-text=""${release.version}"">",136,show.html,sagan\sagan-site\src\main\resources\templates\projects\show.html
version,SpringToolsDownload.java,sagan\\sagan-site\\src\\main\\java\\sagan\\site\\tools\\SpringToolsDownload.java,"<td><input class=""input"" type=""text"" data-th-field=""*{downloads[__${size}__].version}""/></td>",48,edit.html,sagan\sagan-site\src\main\resources\templates\admin\tools\edit.html
version,SpringToolsDownload.java,sagan\\sagan-site\\src\\main\\java\\sagan\\site\\tools\\SpringToolsDownload.java,"data-th-href=""${download.downloadUrl}""><strong data-th-text=""|${download.label} ${download.version}|"">Spring Tools 4</strong><br><span class='smaller thin tt-none'>VSCode Marketplace</span></a>",40,list.html,sagan\sagan-site\src\main\resources\templates\tools\list.html
version,SpringToolsDownload.java,sagan\\sagan-site\\src\\main\\java\\sagan\\site\\tools\\SpringToolsDownload.java,"<td><input class=""input"" type=""text"" data-th-field=""*{downloads[__${downloadStat.index}__].version}""/></td>",41,edit.html,sagan\sagan-site\src\main\resources\templates\admin\tools\edit.html
version,SpringToolsDownload.java,sagan\\sagan-site\\src\\main\\java\\sagan\\site\\tools\\SpringToolsDownload.java,"data-th-each=""download : ${theia.downloads}"" data-th-href=""${download.downloadUrl}""><strong data-th-text=""|${download.label} ${download.version}|"">Spring Tools 4</strong><br><span class='smaller thin tt-none'>Installation for Theia</span></a>",53,list.html,sagan\sagan-site\src\main\resources\templates\tools\list.html
version,SpringToolsDownload.java,sagan\\sagan-site\\src\\main\\java\\sagan\\site\\tools\\SpringToolsDownload.java,"data-th-href=""${download.downloadUrl}"" data-th-text=""|${download.version} ${download.label}|"">v4.5 STS4 Linux 64-bit</a>",26,list.html,sagan\sagan-site\src\main\resources\templates\tools\list.html
format,PostForm.java,sagan\\sagan-site\\src\\main\\java\\sagan\\site\\blog\\PostForm.java,"<select name=""format"" data-th-field=""*{format}"">",62,new.html,sagan\sagan-site\src\main\resources\templates\admin\blog\new.html
format,PostForm.java,sagan\\sagan-site\\src\\main\\java\\sagan\\site\\blog\\PostForm.java,"<div class=""select"" data-th-classappend=""(${#fields.hasErrors('format')}? ' is-danger')"">",61,new.html,sagan\sagan-site\src\main\resources\templates\admin\blog\new.html
format,PostForm.java,sagan\\sagan-site\\src\\main\\java\\sagan\\site\\blog\\PostForm.java,"<select name=""format"" data-th-field=""*{format}"">",69,edit.html,sagan\sagan-site\src\main\resources\templates\admin\blog\edit.html
format,PostForm.java,sagan\\sagan-site\\src\\main\\java\\sagan\\site\\blog\\PostForm.java,"<option data-th-each=""format : ${formats}"" data-th-value=""${format.id}""",70,edit.html,sagan\sagan-site\src\main\resources\templates\admin\blog\edit.html
format,PostForm.java,sagan\\sagan-site\\src\\main\\java\\sagan\\site\\blog\\PostForm.java,"<div class=""select"" data-th-classappend=""(${#fields.hasErrors('format')}? ' is-danger')"">",68,edit.html,sagan\sagan-site\src\main\resources\templates\admin\blog\edit.html
format,PostForm.java,sagan\\sagan-site\\src\\main\\java\\sagan\\site\\blog\\PostForm.java,"data-th-text=""${format.displayName}"">",64,new.html,sagan\sagan-site\src\main\resources\templates\admin\blog\new.html
format,PostForm.java,sagan\\sagan-site\\src\\main\\java\\sagan\\site\\blog\\PostForm.java,"<option data-th-each=""format : ${formats}"" data-th-value=""${format.id}""",63,new.html,sagan\sagan-site\src\main\resources\templates\admin\blog\new.html
format,PostForm.java,sagan\\sagan-site\\src\\main\\java\\sagan\\site\\blog\\PostForm.java,"data-th-text=""${format.displayName}"">",71,edit.html,sagan\sagan-site\src\main\resources\templates\admin\blog\edit.html
format,PostForm.java,sagan\\sagan-site\\src\\main\\java\\sagan\\site\\blog\\PostForm.java,"<p class=""help is-danger"" data-th-if=""${#fields.hasErrors('format')}"" data-th-errors=""*{format}"">",75,edit.html,sagan\sagan-site\src\main\resources\templates\admin\blog\edit.html
format,PostForm.java,sagan\\sagan-site\\src\\main\\java\\sagan\\site\\blog\\PostForm.java,"<p class=""help is-danger"" data-th-if=""${#fields.hasErrors('format')}"" data-th-errors=""*{format}"">",68,new.html,sagan\sagan-site\src\main\resources\templates\admin\blog\new.html
category,PostForm.java,sagan\\sagan-site\\src\\main\\java\\sagan\\site\\blog\\PostForm.java,"<p class=""help is-danger"" data-th-if=""${#fields.hasErrors('category')}"" data-th-errors=""*{category}"">",53,new.html,sagan\sagan-site\src\main\resources\templates\admin\blog\new.html
category,PostForm.java,sagan\\sagan-site\\src\\main\\java\\sagan\\site\\blog\\PostForm.java,"<select name=""category"" data-th-field=""*{category}"">",48,new.html,sagan\sagan-site\src\main\resources\templates\admin\blog\new.html
category,PostForm.java,sagan\\sagan-site\\src\\main\\java\\sagan\\site\\blog\\PostForm.java,"<div class=""select"" data-th-classappend=""(${#fields.hasErrors('category')}? ' is-danger')"">",47,new.html,sagan\sagan-site\src\main\resources\templates\admin\blog\new.html
category,PostForm.java,sagan\\sagan-site\\src\\main\\java\\sagan\\site\\blog\\PostForm.java,"<p class=""help is-danger"" data-th-if=""${#fields.hasErrors('category')}"" data-th-errors=""*{category}"">",60,edit.html,sagan\sagan-site\src\main\resources\templates\admin\blog\edit.html
category,PostForm.java,sagan\\sagan-site\\src\\main\\java\\sagan\\site\\blog\\PostForm.java,"<div class=""select"" data-th-classappend=""(${#fields.hasErrors('category')}? ' is-danger')"">",54,edit.html,sagan\sagan-site\src\main\resources\templates\admin\blog\edit.html
category,PostForm.java,sagan\\sagan-site\\src\\main\\java\\sagan\\site\\blog\\PostForm.java,"<select name=""category"" data-th-field=""*{category}"">",55,edit.html,sagan\sagan-site\src\main\resources\templates\admin\blog\edit.html
category,Post.java,sagan\\sagan-site\\src\\main\\java\\sagan\\site\\blog\\Post.java,"data-th-text=""${post.category}"">Category</a>",78,index.html,sagan\sagan-site\src\main\resources\templates\blog\index.html
category,Post.java,sagan\\sagan-site\\src\\main\\java\\sagan\\site\\blog\\Post.java,"<div data-th-class=""${'meta-data--icon icon blog-icon '+ #strings.toLowerCase(newestPost.category).replace(' '*'-')}""></div>",36,index.html,sagan\sagan-site\src\main\resources\templates\blog\index.html
category,Post.java,sagan\\sagan-site\\src\\main\\java\\sagan\\site\\blog\\Post.java,"<a class='category' data-th-href=""@{'/blog/category/'+${post.category.urlSlug}}""",77,index.html,sagan\sagan-site\src\main\resources\templates\blog\index.html
category,Post.java,sagan\\sagan-site\\src\\main\\java\\sagan\\site\\blog\\Post.java,"data-th-text=""${newestPost.category}"">Category</a>",38,index.html,sagan\sagan-site\src\main\resources\templates\blog\index.html
category,Post.java,sagan\\sagan-site\\src\\main\\java\\sagan\\site\\blog\\Post.java,"<div data-th-class=""${'meta-data--icon icon blog-icon '+ #strings.toLowerCase(post.category).replace(' '*'-')}""></div>",76,index.html,sagan\sagan-site\src\main\resources\templates\blog\index.html
category,Post.java,sagan\\sagan-site\\src\\main\\java\\sagan\\site\\blog\\Post.java,"<a class='category' data-th-href=""@{'/blog/category/'+${newestPost.category.urlSlug}}""",37,index.html,sagan\sagan-site\src\main\resources\templates\blog\index.html
category,Post.java,sagan\\sagan-site\\src\\main\\java\\sagan\\site\\blog\\Post.java,"<div data-th-class=""${'meta-data--icon icon blog-icon '+ #strings.toLowerCase(post.category).replace(' '*'-')}""></div>",14,_full_post.html,sagan\sagan-site\src\main\resources\templates\blog\_full_post.html
category,Post.java,sagan\\sagan-site\\src\\main\\java\\sagan\\site\\blog\\Post.java,"<a class='category' data-th-href=""@{'/blog/category/' + *{category.urlSlug}}"" data-th-text=""${post.category}"">Category</a>",15,_full_post.html,sagan\sagan-site\src\main\resources\templates\blog\_full_post.html
category,Post.java,sagan\\sagan-site\\src\\main\\java\\sagan\\site\\blog\\Post.java,"data-th-text=""${post.category}"">Category</a>",88,show.html,sagan\sagan-site\src\main\resources\templates\team\show.html
category,Post.java,sagan\\sagan-site\\src\\main\\java\\sagan\\site\\blog\\Post.java,"<div data-th-class=""${'meta-data--icon icon blog-icon '+ #strings.toLowerCase(post.category).replace(' '*'-')}""></div>",85,show.html,sagan\sagan-site\src\main\resources\templates\team\show.html
category,Post.java,sagan\\sagan-site\\src\\main\\java\\sagan\\site\\blog\\Post.java,"data-th-href=""@{'/blog/category/'+${post.category.urlSlug}}""",87,show.html,sagan\sagan-site\src\main\resources\templates\team\show.html
category,Post.java,sagan\\sagan-site\\src\\main\\java\\sagan\\site\\blog\\Post.java,"<span class=""tag is-primary"" data-th-text=""${post.category}"">News</span>",23,_posts_table.html,sagan\sagan-site\src\main\resources\templates\admin\blog\_posts_table.html
username,MemberProfile.java,sagan\\sagan-site\\src\\main\\java\\sagan\\site\\team\\MemberProfile.java,"<a data-th-href=""@{'/team/' + ${profile.username}}"" class=""team-member--avatar"">",33,index.html,sagan\sagan-site\src\main\resources\templates\team\index.html
username,MemberProfile.java,sagan\\sagan-site\\src\\main\\java\\sagan\\site\\team\\MemberProfile.java,"<meta property=""og:url"" data-th-content=""${'https://www.spring.io/team/' + profile.username}""/>",6,show.html,sagan\sagan-site\src\main\resources\templates\team\show.html
username,MemberProfile.java,sagan\\sagan-site\\src\\main\\java\\sagan\\site\\team\\MemberProfile.java,"<a class=""author"" rel=""author"" data-th-text=""${post.author.name}"" data-th-href=""@{'/team/'+${post.author.username}}"" data-th-unless=""${post.author.hidden}"">Author</a>",19,_full_post.html,sagan\sagan-site\src\main\resources\templates\blog\_full_post.html
username,MemberProfile.java,sagan\\sagan-site\\src\\main\\java\\sagan\\site\\team\\MemberProfile.java,"<a data-th-href=""@{'/team/' + ${profile.username}}"" class=""team-member--name"" data-th-text=""${profile.name}"">Member",37,index.html,sagan\sagan-site\src\main\resources\templates\team\index.html
username,MemberProfile.java,sagan\\sagan-site\\src\\main\\java\\sagan\\site\\team\\MemberProfile.java,"data-th-href=""@{'/team/'+${newestPost.author.username}}"" data-th-unless=""${newestPost.author.hidden}"">Author</a>",44,index.html,sagan\sagan-site\src\main\resources\templates\blog\index.html
username,MemberProfile.java,sagan\\sagan-site\\src\\main\\java\\sagan\\site\\team\\MemberProfile.java,"<li class=""is-active""><a data-th-href=""@{'/admin/team/' + ${profile.username}}"" aria-current=""page""",11,edit.html,sagan\sagan-site\src\main\resources\templates\admin\team\edit.html
username,MemberProfile.java,sagan\\sagan-site\\src\\main\\java\\sagan\\site\\team\\MemberProfile.java,"data-th-href=""@{'/team/'+${post.author.username}}"" data-th-unless=""${post.author.hidden}"">Author</a>",84,index.html,sagan\sagan-site\src\main\resources\templates\blog\index.html
username,MemberProfile.java,sagan\\sagan-site\\src\\main\\java\\sagan\\site\\team\\MemberProfile.java,"data-th-text=""${profile.username}"">username</a></li>",12,edit.html,sagan\sagan-site\src\main\resources\templates\admin\team\edit.html
username,MemberProfile.java,sagan\\sagan-site\\src\\main\\java\\sagan\\site\\team\\MemberProfile.java,"<a class='author' data-th-href=""@{'/team/'+${post.author.username}}"">",15,_posts_table.html,sagan\sagan-site\src\main\resources\templates\admin\blog\_posts_table.html
releases,ProjectFormReleases.java,sagan\\sagan-site\\src\\main\\java\\sagan\\site\\projects\\admin\\ProjectFormReleases.java,"<input type=""hidden"" name=""id"" data-th-field=""*{releases[__${releaseStat.index}__].id}"">",64,edit-releases.html,sagan\sagan-site\src\main\resources\templates\admin\project\edit-releases.html
releases,ProjectFormReleases.java,sagan\\sagan-site\\src\\main\\java\\sagan\\site\\projects\\admin\\ProjectFormReleases.java,"<td><span data-th-text=""*{releases[__${releaseStat.index}__].version}""></span></td>",68,edit-releases.html,sagan\sagan-site\src\main\resources\templates\admin\project\edit-releases.html
releases,ProjectFormReleases.java,sagan\\sagan-site\\src\\main\\java\\sagan\\site\\projects\\admin\\ProjectFormReleases.java,"data-th-field=""*{releases[__${releaseStat.index}__].refDocUrl}""/></td>",70,edit-releases.html,sagan\sagan-site\src\main\resources\templates\admin\project\edit-releases.html
releases,ProjectFormReleases.java,sagan\\sagan-site\\src\\main\\java\\sagan\\site\\projects\\admin\\ProjectFormReleases.java,"<input class=""input"" type=""hidden"" data-th-field=""*{releases[__${releaseStat.index}__].version}""/>",65,edit-releases.html,sagan\sagan-site\src\main\resources\templates\admin\project\edit-releases.html
releases,ProjectFormReleases.java,sagan\\sagan-site\\src\\main\\java\\sagan\\site\\projects\\admin\\ProjectFormReleases.java,"<tr data-th-each=""release*releaseStat : ${project.releases}"">",63,edit-releases.html,sagan\sagan-site\src\main\resources\templates\admin\project\edit-releases.html
releases,ProjectFormReleases.java,sagan\\sagan-site\\src\\main\\java\\sagan\\site\\projects\\admin\\ProjectFormReleases.java,"data-th-field=""*{releases[__${releaseStat.index}__].apiDocUrl}""/></td>",72,edit-releases.html,sagan\sagan-site\src\main\resources\templates\admin\project\edit-releases.html
releases,ProjectFormReleases.java,sagan\\sagan-site\\src\\main\\java\\sagan\\site\\projects\\admin\\ProjectFormReleases.java,"data-th-field=""*{releases[__${releaseStat.index}__].toDelete}""/></td>",67,edit-releases.html,sagan\sagan-site\src\main\resources\templates\admin\project\edit-releases.html
status,ProjectFormMetadata.java,sagan\\sagan-site\\src\\main\\java\\sagan\\site\\projects\\admin\\ProjectFormMetadata.java,"<div class=""select"" data-th-classappend=""(${#fields.hasErrors('status')}? ' is-danger')"">",94,edit-metadata.html,sagan\sagan-site\src\main\resources\templates\admin\project\edit-metadata.html
status,ProjectFormMetadata.java,sagan\\sagan-site\\src\\main\\java\\sagan\\site\\projects\\admin\\ProjectFormMetadata.java,"<select name=""status"" data-th-field=""*{status}"">",95,edit-metadata.html,sagan\sagan-site\src\main\resources\templates\admin\project\edit-metadata.html
status,ProjectFormMetadata.java,sagan\\sagan-site\\src\\main\\java\\sagan\\site\\projects\\admin\\ProjectFormMetadata.java,"<select name=""status"" data-th-field=""*{supportPolicy}"">",121,edit-metadata.html,sagan\sagan-site\src\main\resources\templates\admin\project\edit-metadata.html
status,ProjectFormMetadata.java,sagan\\sagan-site\\src\\main\\java\\sagan\\site\\projects\\admin\\ProjectFormMetadata.java,"<p class=""help is-danger"" data-th-if=""${#fields.hasErrors('status')}"" data-th-errors=""*{status}"">",100,edit-metadata.html,sagan\sagan-site\src\main\resources\templates\admin\project\edit-metadata.html
status,ProjectFormMetadata.java,sagan\\sagan-site\\src\\main\\java\\sagan\\site\\projects\\admin\\ProjectFormMetadata.java,"<div class=""select"" data-th-classappend=""(${#fields.hasErrors('status')}? ' is-danger')"">",81,new.html,sagan\sagan-site\src\main\resources\templates\admin\project\new.html
status,ProjectFormMetadata.java,sagan\\sagan-site\\src\\main\\java\\sagan\\site\\projects\\admin\\ProjectFormMetadata.java,"<p class=""help is-danger"" data-th-if=""${#fields.hasErrors('status')}"" data-th-errors=""*{status}"">",87,new.html,sagan\sagan-site\src\main\resources\templates\admin\project\new.html
status,ProjectFormMetadata.java,sagan\\sagan-site\\src\\main\\java\\sagan\\site\\projects\\admin\\ProjectFormMetadata.java,"<select name=""status"" data-th-field=""*{status}"">",82,new.html,sagan\sagan-site\src\main\resources\templates\admin\project\new.html
status,Project.java,sagan\\sagan-site\\src\\main\\java\\sagan\\site\\projects\\Project.java,"<span class=""tag"" data-th-classappend=""${'is-' + project.status}"" data-th-text=""${project.status.label}"">Active</span>",36,index.html,sagan\sagan-site\src\main\resources\templates\admin\project\index.html
tutorials,GuideIndexController.java,sagan\\sagan-site\\src\\main\\java\\sagan\\site\\guides\\GuideIndexController.java,"<div data-th-each=""tutorial : ${tutorials}"" class='guide guide-search half border-box flex' data-th-attr=""data-filterable=${tutorial.title}+' '+${tutorial.description}"">",84,index.html,sagan\sagan-site\src\main\resources\templates\guides\index.html
tutorials,GuideIndexController.java,sagan\\sagan-site\\src\\main\\java\\sagan\\site\\guides\\GuideIndexController.java,"<a class='guide-link bold blue link-darken antialiased' data-th-href=""@{'/guides/tutorials/'+${tutorial.name}+'/'}"" data-th-text=""${tutorial.title}"">Building REST services with Spring</a>",87,index.html,sagan\sagan-site\src\main\resources\templates\guides\index.html
tutorials,ProjectsController.java,sagan\\sagan-site\\src\\main\\java\\sagan\\site\\projects\\ProjectsController.java,"<div data-th-if=""${tutorials.size() > 0}""",238,show.html,sagan\sagan-site\src\main\resources\templates\projects\show.html
tutorials,ProjectsController.java,sagan\\sagan-site\\src\\main\\java\\sagan\\site\\projects\\ProjectsController.java,"<li data-th-each=""guide : ${tutorials}"">",248,show.html,sagan\sagan-site\src\main\resources\templates\projects\show.html
location,Event.java,sagan\\sagan-site\\src\\main\\java\\sagan\\site\\events\\Event.java,"<p class='location m-0' data-th-text=""${event.location}"">Location</p>",24,list.html,sagan\sagan-site\src\main\resources\templates\events\list.html
location,Event.java,sagan\\sagan-site\\src\\main\\java\\sagan\\site\\events\\Event.java,"<p class='location m-0' data-th-text=""${event.location}"">Location</p>",21,community.html,sagan\sagan-site\src\main\resources\templates\events\community.html
location,MemberProfile.java,sagan\\sagan-site\\src\\main\\java\\sagan\\site\\team\\MemberProfile.java,"<p class=""team-member--location"" data-th-text=""${profile.location}"">Some-hometown</p>",41,index.html,sagan\sagan-site\src\main\resources\templates\team\index.html
location,MemberProfile.java,sagan\\sagan-site\\src\\main\\java\\sagan\\site\\team\\MemberProfile.java,"<p class=""help is-danger"" data-th-if=""${#fields.hasErrors('location')}"" data-th-errors=""*{location}"">",52,edit.html,sagan\sagan-site\src\main\resources\templates\admin\team\edit.html
location,MemberProfile.java,sagan\\sagan-site\\src\\main\\java\\sagan\\site\\team\\MemberProfile.java,"type=""text"" data-th-field=""*{location}"" name=""location"">",51,edit.html,sagan\sagan-site\src\main\resources\templates\admin\team\edit.html
location,MemberProfile.java,sagan\\sagan-site\\src\\main\\java\\sagan\\site\\team\\MemberProfile.java,"<input class=""input"" data-th-classappend=""(${#fields.hasErrors('location')}? ' is-danger')""",50,edit.html,sagan\sagan-site\src\main\resources\templates\admin\team\edit.html
location,MemberProfile.java,sagan\\sagan-site\\src\\main\\java\\sagan\\site\\team\\MemberProfile.java,"<p data-th-text=""*{location}"" data-th-unless=""${#strings.isEmpty(profile.location)}"">",55,show.html,sagan\sagan-site\src\main\resources\templates\team\show.html
publishAt,Post.java,sagan\\sagan-site\\src\\main\\java\\sagan\\site\\blog\\Post.java,"<time class='date' pubdate data-th-datetime=""${post.publishAt}"" data-th-text='${post.formattedPublishDate}'>June 18* 2013</time>",24,_full_post.html,sagan\sagan-site\src\main\resources\templates\blog\_full_post.html
publishAt,Post.java,sagan\\sagan-site\\src\\main\\java\\sagan\\site\\blog\\Post.java,"data-th-text='${#dates.format(post.publishAt* ""MMMM d* yyyy"")}'>June 18* 2013",90,index.html,sagan\sagan-site\src\main\resources\templates\blog\index.html
publishAt,Post.java,sagan\\sagan-site\\src\\main\\java\\sagan\\site\\blog\\Post.java,"<meta property=""og:article:published_time"" data-th-content=""${post.publishAt}"">",23,show.html,sagan\sagan-site\src\main\resources\templates\blog\show.html
publishAt,Post.java,sagan\\sagan-site\\src\\main\\java\\sagan\\site\\blog\\Post.java,"<time class='date' pubdate data-th-datetime=""${newestPost.publishAt}""",49,index.html,sagan\sagan-site\src\main\resources\templates\blog\index.html
publishAt,Post.java,sagan\\sagan-site\\src\\main\\java\\sagan\\site\\blog\\Post.java,"data-th-text='${#dates.format(newestPost.publishAt* ""MMMM d"")}'>June 18</time>",28,index.html,sagan\sagan-site\src\main\resources\templates\learn\index.html
publishAt,Post.java,sagan\\sagan-site\\src\\main\\java\\sagan\\site\\blog\\Post.java,"data-th-text='${#dates.format(post.publishAt* ""MMMM d* yyyy"")}'>June",93,show.html,sagan\sagan-site\src\main\resources\templates\team\show.html
publishAt,Post.java,sagan\\sagan-site\\src\\main\\java\\sagan\\site\\blog\\Post.java,"data-th-text='${#dates.format(newestPost.publishAt* ""MMMM d"")}'>June 18</time>",21,index.html,sagan\sagan-site\src\main\resources\templates\learn\index.html
publishAt,Post.java,sagan\\sagan-site\\src\\main\\java\\sagan\\site\\blog\\Post.java,"<input type=""text"" data-th-field=""*{publishAt}"" name=""publishAt""",82,edit.html,sagan\sagan-site\src\main\resources\templates\admin\blog\edit.html
publishAt,Post.java,sagan\\sagan-site\\src\\main\\java\\sagan\\site\\blog\\Post.java,"<p class=""help is-danger"" data-th-if=""${#fields.hasErrors('publishAt')}"" data-th-errors=""*{publishAt}"">",86,edit.html,sagan\sagan-site\src\main\resources\templates\admin\blog\edit.html
publishAt,Post.java,sagan\\sagan-site\\src\\main\\java\\sagan\\site\\blog\\Post.java,"<time class='date' pubdate data-th-datetime=""${post.publishAt}""",92,show.html,sagan\sagan-site\src\main\resources\templates\team\show.html
publishAt,Post.java,sagan\\sagan-site\\src\\main\\java\\sagan\\site\\blog\\Post.java,"<time class='date' pubdate data-th-datetime=""${post.publishAt}""",89,index.html,sagan\sagan-site\src\main\resources\templates\blog\index.html
publishAt,Post.java,sagan\\sagan-site\\src\\main\\java\\sagan\\site\\blog\\Post.java,"data-th-text='${#dates.format(newestPost.publishAt* ""MMMM d* yyyy"")}'>June 18* 2013",50,index.html,sagan\sagan-site\src\main\resources\templates\blog\index.html
publishAt,Post.java,sagan\\sagan-site\\src\\main\\java\\sagan\\site\\blog\\Post.java,"<time class='date' pubdate data-th-datetime=""${newestPost.publishAt}""",27,index.html,sagan\sagan-site\src\main\resources\templates\learn\index.html
publishAt,Post.java,sagan\\sagan-site\\src\\main\\java\\sagan\\site\\blog\\Post.java,"data-th-classappend=""(${#fields.hasErrors('publishAt')}? ' is-danger')""",84,edit.html,sagan\sagan-site\src\main\resources\templates\admin\blog\edit.html
publishAt,Post.java,sagan\\sagan-site\\src\\main\\java\\sagan\\site\\blog\\Post.java,"<time class='date' pubdate data-th-datetime=""${newestPost.publishAt}""",20,index.html,sagan\sagan-site\src\main\resources\templates\learn\index.html
groups,Project.java,sagan\\sagan-site\\src\\main\\java\\sagan\\site\\projects\\Project.java,"data-th-href=""${project.display.siteUrl}"" data-th-attr=""data-groups=${project.groups.![name]}"">",31,index.html,sagan\sagan-site\src\main\resources\templates\projects\index.html
groups,Project.java,sagan\\sagan-site\\src\\main\\java\\sagan\\site\\projects\\Project.java,"data-th-href=""${project.display.siteUrl}"" data-th-attr=""data-groups=${project.groups.![name]}"">",66,index.html,sagan\sagan-site\src\main\resources\templates\projects\index.html
groups,Project.java,sagan\\sagan-site\\src\\main\\java\\sagan\\site\\projects\\Project.java,"data-th-href=""${project.display.siteUrl}"" data-th-attr=""data-groups=${project.groups.![name]}"">",48,index.html,sagan\sagan-site\src\main\resources\templates\projects\index.html
groups,ProjectFormInfo.java,sagan\\sagan-site\\src\\main\\java\\sagan\\site\\projects\\admin\\ProjectFormInfo.java,"<p class=""help is-danger"" data-th-if=""${#fields.hasErrors('groups')}"" data-th-errors=""*{groups}"">",103,edit-info.html,sagan\sagan-site\src\main\resources\templates\admin\project\edit-info.html
groups,ProjectFormInfo.java,sagan\\sagan-site\\src\\main\\java\\sagan\\site\\projects\\admin\\ProjectFormInfo.java,"<div class=""select is-multiple"" data-th-classappend=""(${#fields.hasErrors('groups')}? ' is-danger')"">",97,edit-info.html,sagan\sagan-site\src\main\resources\templates\admin\project\edit-info.html
groups,ProjectFormInfo.java,sagan\\sagan-site\\src\\main\\java\\sagan\\site\\projects\\admin\\ProjectFormInfo.java,"<select multiple size=""5"" name=""groups"" data-th-field=""*{groups}"">",98,edit-info.html,sagan\sagan-site\src\main\resources\templates\admin\project\edit-info.html
groups,ProjectFormInfo.java,sagan\\sagan-site\\src\\main\\java\\sagan\\site\\projects\\admin\\ProjectFormInfo.java,"<option data-th-each=""group : ${groups}"" data-th-value=""${group.name}"" data-th-text=""${group.label}"">",99,edit-info.html,sagan\sagan-site\src\main\resources\templates\admin\project\edit-info.html
summary,Event.java,sagan\\sagan-site\\src\\main\\java\\sagan\\site\\events\\Event.java,"<h3 class='h3 antialiased' data-th-text=""${event.summary}"">Event</h3>",23,list.html,sagan\sagan-site\src\main\resources\templates\events\list.html
summary,Event.java,sagan\\sagan-site\\src\\main\\java\\sagan\\site\\events\\Event.java,"<h3 class='h3 antialiased' data-th-text=""${event.summary}"">Event</h3>",20,community.html,sagan\sagan-site\src\main\resources\templates\events\community.html
avatarUrl,MemberProfile.java,sagan\\sagan-site\\src\\main\\java\\sagan\\site\\team\\MemberProfile.java,"<img class=""meta-data--icon"" data-th-src=""@{${post.author.avatarUrl} + '?s=20&amp;d=mm'}"" />",18,_full_post.html,sagan\sagan-site\src\main\resources\templates\blog\_full_post.html
avatarUrl,MemberProfile.java,sagan\\sagan-site\\src\\main\\java\\sagan\\site\\team\\MemberProfile.java,"data-th-src=""@{${newestPost.author.avatarUrl} + '?s=20&amp;d=mm'}""/>",42,index.html,sagan\sagan-site\src\main\resources\templates\blog\index.html
avatarUrl,MemberProfile.java,sagan\\sagan-site\\src\\main\\java\\sagan\\site\\team\\MemberProfile.java,"<img data-th-alt=""*{fullName}"" class=""team-member--avatar"" data-th-src=""*{avatarUrl} + '?s=250&s=250'""",37,show.html,sagan\sagan-site\src\main\resources\templates\team\show.html
avatarUrl,MemberProfile.java,sagan\\sagan-site\\src\\main\\java\\sagan\\site\\team\\MemberProfile.java,"data-th-src=""@{${post.author.avatarUrl} + '?s=20&amp;d=mm'}""/>",82,index.html,sagan\sagan-site\src\main\resources\templates\blog\index.html
avatarUrl,MemberProfile.java,sagan\\sagan-site\\src\\main\\java\\sagan\\site\\team\\MemberProfile.java,"<meta name=""twitter:image:src"" data-th-unless=""${#strings.isEmpty(post.author.avatarUrl)}""",14,show.html,sagan\sagan-site\src\main\resources\templates\blog\show.html
avatarUrl,MemberProfile.java,sagan\\sagan-site\\src\\main\\java\\sagan\\site\\team\\MemberProfile.java,"data-th-unless=""${#strings.isEmpty(profile.avatarUrl)}""/>",38,show.html,sagan\sagan-site\src\main\resources\templates\team\show.html
avatarUrl,MemberProfile.java,sagan\\sagan-site\\src\\main\\java\\sagan\\site\\team\\MemberProfile.java,"<meta property=""og:image"" data-th-unless=""${#strings.isEmpty(post.author.avatarUrl)}""",19,show.html,sagan\sagan-site\src\main\resources\templates\blog\show.html
avatarUrl,MemberProfile.java,sagan\\sagan-site\\src\\main\\java\\sagan\\site\\team\\MemberProfile.java,"data-th-content=""${post.author.avatarUrl} + '?s=200'"">",20,show.html,sagan\sagan-site\src\main\resources\templates\blog\show.html
avatarUrl,MemberProfile.java,sagan\\sagan-site\\src\\main\\java\\sagan\\site\\team\\MemberProfile.java,"<meta property=""og:image"" data-th-content=""${profile.avatarUrl} + '?s=250&s=250'""/>",18,show.html,sagan\sagan-site\src\main\resources\templates\team\show.html
avatarUrl,MemberProfile.java,sagan\\sagan-site\\src\\main\\java\\sagan\\site\\team\\MemberProfile.java,"<img data-th-src=""${profile.avatarUrl} + '?s=153&s=153'""/>",34,index.html,sagan\sagan-site\src\main\resources\templates\team\index.html
avatarUrl,MemberProfile.java,sagan\\sagan-site\\src\\main\\java\\sagan\\site\\team\\MemberProfile.java,"<img data-th-src=""*{avatarUrl}"" width=""300""/>",87,edit.html,sagan\sagan-site\src\main\resources\templates\admin\team\edit.html
avatarUrl,MemberProfile.java,sagan\\sagan-site\\src\\main\\java\\sagan\\site\\team\\MemberProfile.java,"data-th-content=""${post.author.avatarUrl} + '?s=200'"">",15,show.html,sagan\sagan-site\src\main\resources\templates\blog\show.html
cloneUrl,GuideMetadata.java,sagan\\sagan-site\\src\\main\\java\\sagan\\site\\renderer\\GuideMetadata.java,"<button class=""copy-button github"" data-toggle=""tooltip"" data-th-attr=""data-clipboard-text=${guide.cloneUrl}""></button>",40,guide.html,sagan\sagan-site\src\main\resources\templates\guides\gs\guide.html
cloneUrl,GuideMetadata.java,sagan\\sagan-site\\src\\main\\java\\sagan\\site\\renderer\\GuideMetadata.java,"<input id=""clone-url-https"" readonly=""readonly"" type=""text"" data-th-value=""${guide.cloneUrl}"" />",39,guide.html,sagan\sagan-site\src\main\resources\templates\guides\gs\guide.html
cloneUrl,GuideMetadata.java,sagan\\sagan-site\\src\\main\\java\\sagan\\site\\renderer\\GuideMetadata.java,"<a class=""gs-guide-import"" data-th-href=""${guide.cloneUrl}"">Import into STS</a>",47,guide.html,sagan\sagan-site\src\main\resources\templates\guides\gs\guide.html
sshUrl,GuideMetadata.java,sagan\\sagan-site\\src\\main\\java\\sagan\\site\\renderer\\GuideMetadata.java,"<input id=""clone-url-ssh"" readonly=""readonly"" type=""text"" data-th-value=""${guide.sshUrl}"" />",43,guide.html,sagan\sagan-site\src\main\resources\templates\guides\gs\guide.html
sshUrl,GuideMetadata.java,sagan\\sagan-site\\src\\main\\java\\sagan\\site\\renderer\\GuideMetadata.java,"<button class=""copy-button github"" data-toggle=""tooltip"" data-th-attr=""data-clipboard-text=${guide.sshUrl}""></button>",44,guide.html,sagan\sagan-site\src\main\resources\templates\guides\gs\guide.html
siteUrl,Display.java,sagan\\sagan-site\\src\\main\\java\\sagan\\site\\projects\\Display.java,"<a href=""#"" data-th-href=""${project.display.siteUrl}"" class=""project-link"">",9,_project_links.html,sagan\sagan-site\src\main\resources\templates\projects\_project_links.html
siteUrl,Display.java,sagan\\sagan-site\\src\\main\\java\\sagan\\site\\projects\\Display.java,"<a data-th-href=""${project.display.siteUrl}"" target=""_blank"">",39,index.html,sagan\sagan-site\src\main\resources\templates\admin\project\index.html
siteUrl,Display.java,sagan\\sagan-site\\src\\main\\java\\sagan\\site\\projects\\Display.java,"<li data-th-each=""project : ${projects}""><a data-th-href=""${project.display.siteUrl}"" data-th-text=""${project.name}"">Spring Framework</a></li>",57,guide.html,sagan\sagan-site\src\main\resources\templates\guides\gs\guide.html
siteUrl,Display.java,sagan\\sagan-site\\src\\main\\java\\sagan\\site\\projects\\Display.java,"data-th-href=""${project.display.siteUrl}"" data-th-attr=""data-groups=${project.groups.![name]}"">",66,index.html,sagan\sagan-site\src\main\resources\templates\projects\index.html
siteUrl,Display.java,sagan\\sagan-site\\src\\main\\java\\sagan\\site\\projects\\Display.java,"<a data-th-href=""${proj.display.siteUrl}"" data-th-text=""${proj.getName()}""></a>",22,show.html,sagan\sagan-site\src\main\resources\templates\projects\show.html
siteUrl,Display.java,sagan\\sagan-site\\src\\main\\java\\sagan\\site\\projects\\Display.java,"data-th-href=""${project.display.siteUrl}"" data-th-attr=""data-groups=${project.groups.![name]}"">",48,index.html,sagan\sagan-site\src\main\resources\templates\projects\index.html
siteUrl,Display.java,sagan\\sagan-site\\src\\main\\java\\sagan\\site\\projects\\Display.java,"data-th-href=""${project.display.siteUrl}"" data-th-attr=""data-groups=${project.groups.![name]}"">",31,index.html,sagan\sagan-site\src\main\resources\templates\projects\index.html
siteUrl,Display.java,sagan\\sagan-site\\src\\main\\java\\sagan\\site\\projects\\Display.java,"<span data-th-text=""${project.display.siteUrl}"">/projects/spring-framework</span>",43,index.html,sagan\sagan-site\src\main\resources\templates\admin\project\index.html
siteUrl,Display.java,sagan\\sagan-site\\src\\main\\java\\sagan\\site\\projects\\Display.java,"<a data-th-href=""${childProject.display.siteUrl}"">",31,show.html,sagan\sagan-site\src\main\resources\templates\projects\show.html
bio,MemberProfile.java,sagan\\sagan-site\\src\\main\\java\\sagan\\site\\team\\MemberProfile.java,"data-th-field=""*{bio}"" name=""bio"" rows=""5""></textarea>",134,edit.html,sagan\sagan-site\src\main\resources\templates\admin\team\edit.html
bio,MemberProfile.java,sagan\\sagan-site\\src\\main\\java\\sagan\\site\\team\\MemberProfile.java,"data-th-classappend=""(${#fields.hasErrors('bio')}? ' is-danger')""",132,edit.html,sagan\sagan-site\src\main\resources\templates\admin\team\edit.html
bio,MemberProfile.java,sagan\\sagan-site\\src\\main\\java\\sagan\\site\\team\\MemberProfile.java,"<p class=""help is-danger"" data-th-if=""${#fields.hasErrors('bio')}"" data-th-errors=""*{bio}"">",135,edit.html,sagan\sagan-site\src\main\resources\templates\admin\team\edit.html
repoUrl,ProjectFormMetadata.java,sagan\\sagan-site\\src\\main\\java\\sagan\\site\\projects\\admin\\ProjectFormMetadata.java,"<p class=""help is-danger"" data-th-if=""${#fields.hasErrors('repoUrl')}"" data-th-errors=""*{repoUrl}"">",87,edit-metadata.html,sagan\sagan-site\src\main\resources\templates\admin\project\edit-metadata.html
repoUrl,ProjectFormMetadata.java,sagan\\sagan-site\\src\\main\\java\\sagan\\site\\projects\\admin\\ProjectFormMetadata.java,"<p class=""help is-danger"" data-th-if=""${#fields.hasErrors('repoUrl')}"" data-th-errors=""*{repoUrl}"">",53,new.html,sagan\sagan-site\src\main\resources\templates\admin\project\new.html
repoUrl,ProjectFormMetadata.java,sagan\\sagan-site\\src\\main\\java\\sagan\\site\\projects\\admin\\ProjectFormMetadata.java,"type=""text"" data-th-field=""*{repoUrl}"" name=""repoUrl""",51,new.html,sagan\sagan-site\src\main\resources\templates\admin\project\new.html
repoUrl,ProjectFormMetadata.java,sagan\\sagan-site\\src\\main\\java\\sagan\\site\\projects\\admin\\ProjectFormMetadata.java,"type=""text"" data-th-field=""*{repoUrl}"" name=""repoUrl""",85,edit-metadata.html,sagan\sagan-site\src\main\resources\templates\admin\project\edit-metadata.html
repoUrl,ProjectFormMetadata.java,sagan\\sagan-site\\src\\main\\java\\sagan\\site\\projects\\admin\\ProjectFormMetadata.java,"<input class=""input"" data-th-classappend=""(${#fields.hasErrors('repoUrl')}? ' is-danger')""",50,new.html,sagan\sagan-site\src\main\resources\templates\admin\project\new.html
repoUrl,ProjectFormMetadata.java,sagan\\sagan-site\\src\\main\\java\\sagan\\site\\projects\\admin\\ProjectFormMetadata.java,"<input class=""input"" data-th-classappend=""(${#fields.hasErrors('repoUrl')}? ' is-danger')""",84,edit-metadata.html,sagan\sagan-site\src\main\resources\templates\admin\project\edit-metadata.html
githubUrl,GuideMetadata.java,sagan\\sagan-site\\src\\main\\java\\sagan\\site\\renderer\\GuideMetadata.java,"<a data-th-href=""${guide.githubUrl}""><i class=""fab fa-github""></i>Go To Repo</a>",49,guide.html,sagan\sagan-site\src\main\resources\templates\guides\gs\guide.html
draft,Post.java,sagan\\sagan-site\\src\\main\\java\\sagan\\site\\blog\\Post.java,"<button name=""draft"" data-th-if=""*{!draft}"" value=""true"" type=""submit"" class=""button is-warning"">Unpublish",90,edit.html,sagan\sagan-site\src\main\resources\templates\admin\blog\edit.html
draft,Post.java,sagan\\sagan-site\\src\\main\\java\\sagan\\site\\blog\\Post.java,"<button name=""draft"" data-th-if=""*{draft}"" value=""true"" type=""submit"" class=""button is-primary"">Save",43,edit.html,sagan\sagan-site\src\main\resources\templates\admin\blog\edit.html
draft,Post.java,sagan\\sagan-site\\src\\main\\java\\sagan\\site\\blog\\Post.java,"<button name=""draft"" data-th-if=""*{draft}"" value=""false"" type=""submit"" class=""button is-warning"">Publish now!",92,edit.html,sagan\sagan-site\src\main\resources\templates\admin\blog\edit.html
draft,Post.java,sagan\\sagan-site\\src\\main\\java\\sagan\\site\\blog\\Post.java,"<button name=""draft"" data-th-if=""*{!draft}"" value=""false"" type=""submit"" class=""button is-primary"">",40,edit.html,sagan\sagan-site\src\main\resources\templates\admin\blog\edit.html
draft,Post.java,sagan\\sagan-site\\src\\main\\java\\sagan\\site\\blog\\Post.java,"<a data-th-href=""${path}"" data-th-if=""*{draft}"" target=""_blank"" class=""button is-info""",46,edit.html,sagan\sagan-site\src\main\resources\templates\admin\blog\edit.html
stackOverflowTags,ProjectFormMetadata.java,sagan\\sagan-site\\src\\main\\java\\sagan\\site\\projects\\admin\\ProjectFormMetadata.java,"<input class=""input"" data-th-classappend=""(${#fields.hasErrors('stackOverflowTags')}? ' is-danger')""",72,edit-metadata.html,sagan\sagan-site\src\main\resources\templates\admin\project\edit-metadata.html
stackOverflowTags,ProjectFormMetadata.java,sagan\\sagan-site\\src\\main\\java\\sagan\\site\\projects\\admin\\ProjectFormMetadata.java,"<p class=""help is-danger"" data-th-if=""${#fields.hasErrors('stackOverflowTags')}"" data-th-errors=""*{stackOverflowTags}"">",75,edit-metadata.html,sagan\sagan-site\src\main\resources\templates\admin\project\edit-metadata.html
stackOverflowTags,ProjectFormMetadata.java,sagan\\sagan-site\\src\\main\\java\\sagan\\site\\projects\\admin\\ProjectFormMetadata.java,"type=""text"" data-th-field=""*{stackOverflowTags}"" name=""stackOverflowTags""",73,edit-metadata.html,sagan\sagan-site\src\main\resources\templates\admin\project\edit-metadata.html
stackOverflowTags,ProjectFormMetadata.java,sagan\\sagan-site\\src\\main\\java\\sagan\\site\\projects\\admin\\ProjectFormMetadata.java,"<p class=""help is-danger"" data-th-if=""${#fields.hasErrors('stackOverflowTags')}"" data-th-errors=""*{stackOverflowTags}"">",63,new.html,sagan\sagan-site\src\main\resources\templates\admin\project\new.html
stackOverflowTags,ProjectFormMetadata.java,sagan\\sagan-site\\src\\main\\java\\sagan\\site\\projects\\admin\\ProjectFormMetadata.java,"type=""text"" data-th-field=""*{stackOverflowTags}"" name=""stackOverflowTags""",61,new.html,sagan\sagan-site\src\main\resources\templates\admin\project\new.html
stackOverflowTags,ProjectFormMetadata.java,sagan\\sagan-site\\src\\main\\java\\sagan\\site\\projects\\admin\\ProjectFormMetadata.java,"<input class=""input"" data-th-classappend=""(${#fields.hasErrors('stackOverflowTags')}? ' is-danger')""",60,new.html,sagan\sagan-site\src\main\resources\templates\admin\project\new.html
generations,ProjectFormGenerations.java,sagan\\sagan-site\\src\\main\\java\\sagan\\site\\projects\\admin\\ProjectFormGenerations.java,"<td><input type=""hidden"" data-th-field=""*{generations[__${generationStat.index}__].name}""/><span data-th-text=""${generation.name}"">2.1.x</span></td>",66,edit-support.html,sagan\sagan-site\src\main\resources\templates\admin\project\edit-support.html
generations,ProjectFormGenerations.java,sagan\\sagan-site\\src\\main\\java\\sagan\\site\\projects\\admin\\ProjectFormGenerations.java,"<tr data-th-each=""generation*generationStat : ${projectFormGenerations.generations}"">",64,edit-support.html,sagan\sagan-site\src\main\resources\templates\admin\project\edit-support.html
generations,ProjectFormGenerations.java,sagan\\sagan-site\\src\\main\\java\\sagan\\site\\projects\\admin\\ProjectFormGenerations.java,"<td><input type=""text"" class=""input"" data-th-field=""*{generations[__${generationStat.index}__].commercialSupportEnforcedEndDate}"" autocomplete=""off""/>",71,edit-support.html,sagan\sagan-site\src\main\resources\templates\admin\project\edit-support.html
generations,ProjectFormGenerations.java,sagan\\sagan-site\\src\\main\\java\\sagan\\site\\projects\\admin\\ProjectFormGenerations.java,"<td><input type=""text"" class=""input"" data-th-field=""*{generations[__${generationStat.index}__].ossSupportEnforcedEndDate}"" autocomplete=""off""/>",68,edit-support.html,sagan\sagan-site\src\main\resources\templates\admin\project\edit-support.html
generations,ProjectFormGenerations.java,sagan\\sagan-site\\src\\main\\java\\sagan\\site\\projects\\admin\\ProjectFormGenerations.java,"<td><input type=""text"" class=""input"" data-th-field=""*{generations[__${generationStat.index}__].initialReleaseDate}"" autocomplete=""off""/></td>",67,edit-support.html,sagan\sagan-site\src\main\resources\templates\admin\project\edit-support.html
generations,ProjectFormGenerations.java,sagan\\sagan-site\\src\\main\\java\\sagan\\site\\projects\\admin\\ProjectFormGenerations.java,"<td><input class=""checkbox"" type=""checkbox"" data-th-field=""*{generations[__${generationStat.index}__].toDelete}""/></td>",65,edit-support.html,sagan\sagan-site\src\main\resources\templates\admin\project\edit-support.html
topicals,TopicalController.java,sagan\\sagan-site\\src\\main\\java\\sagan\\site\\guides\\TopicalController.java,"<a data-th-href=""'/guides/topicals/' + ${guide.name}"">",225,show.html,sagan\sagan-site\src\main\resources\templates\projects\show.html
topicals,TopicalController.java,sagan\\sagan-site\\src\\main\\java\\sagan\\site\\guides\\TopicalController.java,"<div data-th-each=""topical : ${topicals}"" class='guide guide-search half border-box flex' data-th-attr=""data-filterable=${topical.title}+' '+${topical.description}"">",67,index.html,sagan\sagan-site\src\main\resources\templates\guides\index.html
topicals,TopicalController.java,sagan\\sagan-site\\src\\main\\java\\sagan\\site\\guides\\TopicalController.java,"<li data-th-each=""guide : ${topicals}"">",224,show.html,sagan\sagan-site\src\main\resources\templates\projects\show.html
topicals,TopicalController.java,sagan\\sagan-site\\src\\main\\java\\sagan\\site\\guides\\TopicalController.java,"<div data-th-if=""${topicals.size() > 0}""",215,show.html,sagan\sagan-site\src\main\resources\templates\projects\show.html
topicals,TopicalController.java,sagan\\sagan-site\\src\\main\\java\\sagan\\site\\guides\\TopicalController.java,"<a class='guide-link bold blue link-darken antialiased' data-th-href=""@{'/guides/topicals/'+${topical.name}+'/'}"" data-th-text=""${topical.title}"">Spring Security Architecture</a>",70,index.html,sagan\sagan-site\src\main\resources\templates\guides\index.html
initialReleaseDate,FormGeneration.java,sagan\\sagan-site\\src\\main\\java\\sagan\\site\\projects\\admin\\ProjectFormGenerations.java,"<td><span data-th-text=""${generation.initialReleaseDate}"" data-th-classappend=""${generation.initialReleaseDate.isBefore(now)} ? 'past'"">1 Aug 2018</span></td>",281,show.html,sagan\sagan-site\src\main\resources\templates\projects\show.html
initialReleaseDate,FormGeneration.java,sagan\\sagan-site\\src\\main\\java\\sagan\\site\\projects\\admin\\ProjectFormGenerations.java,"<td><input class=""input"" type=""text"" data-th-field=""*{newGeneration.initialReleaseDate}"" placeholder=""2020-01-01""/>",80,edit-support.html,sagan\sagan-site\src\main\resources\templates\admin\project\edit-support.html
initialReleaseDate,FormGeneration.java,sagan\\sagan-site\\src\\main\\java\\sagan\\site\\projects\\admin\\ProjectFormGenerations.java,"data-th-errors=""*{newGeneration.initialReleaseDate}"">Date must use the '2021-01-01' format</p></td>",82,edit-support.html,sagan\sagan-site\src\main\resources\templates\admin\project\edit-support.html
initialReleaseDate,FormGeneration.java,sagan\\sagan-site\\src\\main\\java\\sagan\\site\\projects\\admin\\ProjectFormGenerations.java,"<td><input type=""text"" class=""input"" data-th-field=""*{generations[__${generationStat.index}__].initialReleaseDate}"" autocomplete=""off""/></td>",67,edit-support.html,sagan\sagan-site\src\main\resources\templates\admin\project\edit-support.html
initialReleaseDate,FormGeneration.java,sagan\\sagan-site\\src\\main\\java\\sagan\\site\\projects\\admin\\ProjectFormGenerations.java,"<p class=""help is-danger"" data-th-if=""${#fields.hasErrors('newGeneration.initialReleaseDate')}""",81,edit-support.html,sagan\sagan-site\src\main\resources\templates\admin\project\edit-support.html
currentPage,PageElementsBuilder.java,sagan\\sagan-site\\src\\main\\java\\sagan\\site\\support\\nav\\PageElementsBuilder.java,"<div data-th-text=""${element.label}"" data-th-if=""${!element.navigable && element.currentPage}""",117,index.html,sagan\sagan-site\src\main\resources\templates\blog\index.html
currentPage,PageElementsBuilder.java,sagan\\sagan-site\\src\\main\\java\\sagan\\site\\support\\nav\\PageElementsBuilder.java,"<a class=""pagination-link"" data-th-classappend=""${element.currentPage} ? ' is-current'""",89,index.html,sagan\sagan-site\src\main\resources\templates\admin\blog\index.html
currentPage,PageElementsBuilder.java,sagan\\sagan-site\\src\\main\\java\\sagan\\site\\support\\nav\\PageElementsBuilder.java,"data-th-unless=""${element.navigable || element.currentPage}""></div>",120,index.html,sagan\sagan-site\src\main\resources\templates\blog\index.html
currentPage,PageElementsBuilder.java,sagan\\sagan-site\\src\\main\\java\\sagan\\site\\support\\nav\\PageElementsBuilder.java,"<span class=""pagination-ellipsis"" data-th-unless=""${element.navigable || element.currentPage}"">&hellip;</span>",91,index.html,sagan\sagan-site\src\main\resources\templates\admin\blog\index.html
renderedSummary,Post.java,sagan\\sagan-site\\src\\main\\java\\sagan\\site\\blog\\Post.java,"<meta property=""og:description"" data-th-content=""${post.renderedSummary}"">",21,show.html,sagan\sagan-site\src\main\resources\templates\blog\show.html
renderedSummary,Post.java,sagan\\sagan-site\\src\\main\\java\\sagan\\site\\blog\\Post.java,"<section data-th-utext=""${post.renderedSummary}"" class='member-post--summary'>This has",100,show.html,sagan\sagan-site\src\main\resources\templates\team\show.html
renderedSummary,Post.java,sagan\\sagan-site\\src\\main\\java\\sagan\\site\\blog\\Post.java,"<meta name=""twitter:description"" data-th-content=""${post.renderedSummary}"">",11,show.html,sagan\sagan-site\src\main\resources\templates\blog\show.html
renderedSummary,Post.java,sagan\\sagan-site\\src\\main\\java\\sagan\\site\\blog\\Post.java,"<div data-th-utext=""${post.renderedSummary}"">",100,index.html,sagan\sagan-site\src\main\resources\templates\blog\index.html
tableOfContents,GuideContent.java,sagan\\sagan-site\\src\\main\\java\\sagan\\site\\renderer\\GuideContent.java,"<div data-th-utext=""${guide.tableOfContents}"">TOC Content</div>",64,guide.html,sagan\sagan-site\src\main\resources\templates\guides\gs\guide.html
geoLocation,MemberProfile.java,sagan\\sagan-site\\src\\main\\java\\sagan\\site\\team\\MemberProfile.java,"<input class=""input"" data-th-classappend=""(${#fields.hasErrors('geoLocation')}? ' is-danger')""",59,edit.html,sagan\sagan-site\src\main\resources\templates\admin\team\edit.html
geoLocation,MemberProfile.java,sagan\\sagan-site\\src\\main\\java\\sagan\\site\\team\\MemberProfile.java,"type=""text"" data-th-field=""*{geoLocation}"" name=""geoLocation""",60,edit.html,sagan\sagan-site\src\main\resources\templates\admin\team\edit.html
geoLocation,MemberProfile.java,sagan\\sagan-site\\src\\main\\java\\sagan\\site\\team\\MemberProfile.java,"data-th-errors=""*{geoLocation}"">Incorrect geoLocation</p>",63,edit.html,sagan\sagan-site\src\main\resources\templates\admin\team\edit.html
geoLocation,MemberProfile.java,sagan\\sagan-site\\src\\main\\java\\sagan\\site\\team\\MemberProfile.java,"<p class=""help is-danger"" data-th-if=""${#fields.hasErrors('geoLocation')}""",62,edit.html,sagan\sagan-site\src\main\resources\templates\admin\team\edit.html
toDelete,FormSample.java,sagan\\sagan-site\\src\\main\\java\\sagan\\site\\projects\\admin\\ProjectFormSamples.java,"data-th-field=""*{samples[__${sampleStat.index}__].toDelete}"">",67,edit-samples.html,sagan\sagan-site\src\main\resources\templates\admin\project\edit-samples.html
toDelete,FormGeneration.java,sagan\\sagan-site\\src\\main\\java\\sagan\\site\\projects\\admin\\ProjectFormGenerations.java,"<td><input class=""checkbox"" type=""checkbox"" data-th-field=""*{generations[__${generationStat.index}__].toDelete}""/></td>",65,edit-support.html,sagan\sagan-site\src\main\resources\templates\admin\project\edit-support.html
toDelete,FormRelease.java,sagan\\sagan-site\\src\\main\\java\\sagan\\site\\projects\\admin\\ProjectFormReleases.java,"data-th-field=""*{releases[__${releaseStat.index}__].toDelete}""/></td>",67,edit-releases.html,sagan\sagan-site\src\main\resources\templates\admin\project\edit-releases.html
supportPolicy,ProjectFormMetadata.java,sagan\\sagan-site\\src\\main\\java\\sagan\\site\\projects\\admin\\ProjectFormMetadata.java,"<div class=""select"" data-th-classappend=""(${#fields.hasErrors('supportPolicy')}? ' is-danger')"">",120,edit-metadata.html,sagan\sagan-site\src\main\resources\templates\admin\project\edit-metadata.html
supportPolicy,ProjectFormMetadata.java,sagan\\sagan-site\\src\\main\\java\\sagan\\site\\projects\\admin\\ProjectFormMetadata.java,"<p class=""help is-danger"" data-th-if=""${#fields.hasErrors('supportPolicy')}"" data-th-errors=""*{supportPolicy}"">",126,edit-metadata.html,sagan\sagan-site\src\main\resources\templates\admin\project\edit-metadata.html
supportPolicy,ProjectFormMetadata.java,sagan\\sagan-site\\src\\main\\java\\sagan\\site\\projects\\admin\\ProjectFormMetadata.java,"<select name=""status"" data-th-field=""*{supportPolicy}"">",121,edit-metadata.html,sagan\sagan-site\src\main\resources\templates\admin\project\edit-metadata.html
sortOrder,FormSample.java,sagan\\sagan-site\\src\\main\\java\\sagan\\site\\projects\\admin\\ProjectFormSamples.java,"data-th-field=""*{samples[__${sampleStat.index}__].sortOrder}""/></td>",70,edit-samples.html,sagan\sagan-site\src\main\resources\templates\admin\project\edit-samples.html
sortOrder,FormSample.java,sagan\\sagan-site\\src\\main\\java\\sagan\\site\\projects\\admin\\ProjectFormSamples.java,"<td><input class=""input"" type=""number"" min=""0"" max=""256"" data-th-field=""*{newSample.sortOrder}""/></td>",80,edit-samples.html,sagan\sagan-site\src\main\resources\templates\admin\project\edit-samples.html
commercialSupportEnforcedEndDate,FormGeneration.java,sagan\\sagan-site\\src\\main\\java\\sagan\\site\\projects\\admin\\ProjectFormGenerations.java,"<td><input class=""input"" type=""text"" data-th-field=""*{newGeneration.commercialSupportEnforcedEndDate}"" placeholder=""Leave blank to use official policy""/>",85,edit-support.html,sagan\sagan-site\src\main\resources\templates\admin\project\edit-support.html
commercialSupportEnforcedEndDate,FormGeneration.java,sagan\\sagan-site\\src\\main\\java\\sagan\\site\\projects\\admin\\ProjectFormGenerations.java,"<td><input type=""text"" class=""input"" data-th-field=""*{generations[__${generationStat.index}__].commercialSupportEnforcedEndDate}"" autocomplete=""off""/>",71,edit-support.html,sagan\sagan-site\src\main\resources\templates\admin\project\edit-support.html
apiDocUrl,FormRelease.java,sagan\\sagan-site\\src\\main\\java\\sagan\\site\\projects\\admin\\ProjectFormReleases.java,"data-th-field=""*{releases[__${releaseStat.index}__].apiDocUrl}""/></td>",72,edit-releases.html,sagan\sagan-site\src\main\resources\templates\admin\project\edit-releases.html
apiDocUrl,FormRelease.java,sagan\\sagan-site\\src\\main\\java\\sagan\\site\\projects\\admin\\ProjectFormReleases.java,"<td><input class=""input"" type=""text"" data-th-field=""*{newRelease.apiDocUrl}""/></td>",78,edit-releases.html,sagan\sagan-site\src\main\resources\templates\admin\project\edit-releases.html
refDocUrl,FormRelease.java,sagan\\sagan-site\\src\\main\\java\\sagan\\site\\projects\\admin\\ProjectFormReleases.java,"data-th-field=""*{releases[__${releaseStat.index}__].refDocUrl}""/></td>",70,edit-releases.html,sagan\sagan-site\src\main\resources\templates\admin\project\edit-releases.html
refDocUrl,FormRelease.java,sagan\\sagan-site\\src\\main\\java\\sagan\\site\\projects\\admin\\ProjectFormReleases.java,"<td><input class=""input"" type=""text"" data-th-field=""*{newRelease.refDocUrl}""/></td>",77,edit-releases.html,sagan\sagan-site\src\main\resources\templates\admin\project\edit-releases.html
ossSupportEnforcedEndDate,FormGeneration.java,sagan\\sagan-site\\src\\main\\java\\sagan\\site\\projects\\admin\\ProjectFormGenerations.java,"<td><input type=""text"" class=""input"" data-th-field=""*{generations[__${generationStat.index}__].ossSupportEnforcedEndDate}"" autocomplete=""off""/>",68,edit-support.html,sagan\sagan-site\src\main\resources\templates\admin\project\edit-support.html
ossSupportEnforcedEndDate,FormGeneration.java,sagan\\sagan-site\\src\\main\\java\\sagan\\site\\projects\\admin\\ProjectFormGenerations.java,"<td><input class=""input"" type=""text"" data-th-field=""*{newGeneration.ossSupportEnforcedEndDate}"" placeholder=""Leave blank to use official policy""/>",83,edit-support.html,sagan\sagan-site\src\main\resources\templates\admin\project\edit-support.html
commercialSupportPolicyEndDate,FormGeneration.java,sagan\\sagan-site\\src\\main\\java\\sagan\\site\\projects\\admin\\ProjectFormGenerations.java,"<p class=""help"" data-th-if=""${generation.commercialSupportPolicyEndDate}"" data-th-text=""${'Official Policy: ' + generation.commercialSupportPolicyEndDate}"">2020-01-01</p>",72,edit-support.html,sagan\sagan-site\src\main\resources\templates\admin\project\edit-support.html
ossSupportPolicyEndDate,FormGeneration.java,sagan\\sagan-site\\src\\main\\java\\sagan\\site\\projects\\admin\\ProjectFormGenerations.java,"<p class=""help"" data-th-if=""${generation.ossSupportPolicyEndDate}"" data-th-text=""${'Official Policy: ' + generation.ossSupportPolicyEndDate}"">2020-01-01</p>",69,edit-support.html,sagan\sagan-site\src\main\resources\templates\admin\project\edit-support.html
