id,FlowUserPerformer.java,powerstone\\src\\org\\powerstone\\workflow\\model\\FlowUserPerformer.java,"name=""id""",15,FlowUserPerformer.hbm.xml,powerstone\src\org\powerstone\workflow\model\FlowUserPerformer.hbm.xml
id,FlowTaskRefuse.java,powerstone\\src\\org\\powerstone\\workflow\\model\\FlowTaskRefuse.java,"name=""id""",15,FlowTaskRefuse.hbm.xml,powerstone\src\org\powerstone\workflow\model\FlowTaskRefuse.hbm.xml
id,FlowTaskAssigner.java,powerstone\\src\\org\\powerstone\\workflow\\model\\FlowTaskAssigner.java,"name=""id""",15,FlowTaskAssigner.hbm.xml,powerstone\src\org\powerstone\workflow\model\FlowTaskAssigner.hbm.xml
id,FlowProcTransition.java,powerstone\\src\\org\\powerstone\\workflow\\model\\FlowProcTransition.java,"name=""id""",15,FlowProcTransition.hbm.xml,powerstone\src\org\powerstone\workflow\model\FlowProcTransition.hbm.xml
id,NewTask.java,powerstone\\src\\org\\powerstone\\workflow\\model\\NewTask.java,"name=""id""",15,NewTask.hbm.xml,powerstone\src\org\powerstone\workflow\model\NewTask.hbm.xml
id,FlowTaskUser.java,powerstone\\src\\org\\powerstone\\workflow\\model\\FlowTaskUser.java,"name=""id""",15,FlowTaskUser.hbm.xml,powerstone\src\org\powerstone\workflow\model\FlowTaskUser.hbm.xml
id,FlowRolePerformer.java,powerstone\\src\\org\\powerstone\\workflow\\model\\FlowRolePerformer.java,"name=""id""",15,FlowRolePerformer.hbm.xml,powerstone\src\org\powerstone\workflow\model\FlowRolePerformer.hbm.xml
id,Resource.java,powerstone\\src\\org\\powerstone\\ca\\model\\Resource.java,"name=""id""",15,Resource.hbm.xml,powerstone\src\org\powerstone\ca\model\Resource.hbm.xml
id,User.java,powerstone\\src\\org\\powerstone\\ca\\model\\User.java,"name=""id""",15,User.hbm.xml,powerstone\src\org\powerstone\ca\model\User.hbm.xml
id,FlowProcRelativeData.java,powerstone\\src\\org\\powerstone\\workflow\\model\\FlowProcRelativeData.java,"name=""id""",15,FlowProcRelativeData.hbm.xml,powerstone\src\org\powerstone\workflow\model\FlowProcRelativeData.hbm.xml
id,FlowTaskRole.java,powerstone\\src\\org\\powerstone\\workflow\\model\\FlowTaskRole.java,"name=""id""",15,FlowTaskRole.hbm.xml,powerstone\src\org\powerstone\workflow\model\FlowTaskRole.hbm.xml
url,HasNoRightToDoTag.java,powerstone\\src\\org\\powerstone\\ca\\tags\\HasNoRightToDoTag.java,<name>url</name>,28,powerstone-ca.tld,powerstone\web\WEB-INF\powerstone-ca.tld
url,HasRightToDoTag.java,powerstone\\src\\org\\powerstone\\ca\\tags\\HasRightToDoTag.java,<name>url</name>,13,powerstone-ca.tld,powerstone\web\WEB-INF\powerstone-ca.tld
user,UserRight.java,powerstone\\src\\org\\powerstone\\ca\\model\\UserRight.java,"name=""user""",37,UserRight.hbm.xml,powerstone\src\org\powerstone\ca\model\UserRight.hbm.xml
user,UserRight.java,powerstone\\src\\org\\powerstone\\ca\\model\\UserRight.java,select ur from UserRight as ur where ur.user.id = ? and ur.resource.id = ? and ur.privilege = ?,189,User.hbm.xml,powerstone\src\org\powerstone\ca\model\User.hbm.xml
group,GroupRight.java,powerstone\\src\\org\\powerstone\\ca\\model\\GroupRight.java,"name=""group""",30,GroupRight.hbm.xml,powerstone\src\org\powerstone\ca\model\GroupRight.hbm.xml
group,GroupRight.java,powerstone\\src\\org\\powerstone\\ca\\model\\GroupRight.java,select gr from GroupRight as gr where gr.group.groupID = ? and gr.resource.id = ? and gr.privilege = ?,121,Group.hbm.xml,powerstone\src\org\powerstone\ca\model\Group.hbm.xml
resource,GroupRight.java,powerstone\\src\\org\\powerstone\\ca\\model\\GroupRight.java,select g from Group as g left join g.rights as gr where gr.resource.id = ?,124,Group.hbm.xml,powerstone\src\org\powerstone\ca\model\Group.hbm.xml
resource,GroupRight.java,powerstone\\src\\org\\powerstone\\ca\\model\\GroupRight.java,select gr from GroupRight as gr where gr.group.groupID = ? and gr.resource.id = ? and gr.privilege = ?,121,Group.hbm.xml,powerstone\src\org\powerstone\ca\model\Group.hbm.xml
resource,GroupRight.java,powerstone\\src\\org\\powerstone\\ca\\model\\GroupRight.java,"name=""resource""",38,GroupRight.hbm.xml,powerstone\src\org\powerstone\ca\model\GroupRight.hbm.xml
resource,RoleRight.java,powerstone\\src\\org\\powerstone\\ca\\model\\RoleRight.java,select r from Role as r left join r.rights as rr where rr.resource.id = ?,99,Role.hbm.xml,powerstone\src\org\powerstone\ca\model\Role.hbm.xml
resource,RoleRight.java,powerstone\\src\\org\\powerstone\\ca\\model\\RoleRight.java,select rr from RoleRight as rr where rr.role.roleID = ? and rr.resource.id = ? and rr.privilege = ?,96,Role.hbm.xml,powerstone\src\org\powerstone\ca\model\Role.hbm.xml
resource,RoleRight.java,powerstone\\src\\org\\powerstone\\ca\\model\\RoleRight.java,"name=""resource""",53,UserRight.hbm.xml,powerstone\src\org\powerstone\ca\model\UserRight.hbm.xml
resource,RoleRight.java,powerstone\\src\\org\\powerstone\\ca\\model\\RoleRight.java,"name=""resource""",53,RoleRight.hbm.xml,powerstone\src\org\powerstone\ca\model\RoleRight.hbm.xml
resource,UserRight.java,powerstone\\src\\org\\powerstone\\ca\\model\\UserRight.java,select u from User as u left join u.rights as ur where ur.resource.id = ?,186,User.hbm.xml,powerstone\src\org\powerstone\ca\model\User.hbm.xml
resource,UserRight.java,powerstone\\src\\org\\powerstone\\ca\\model\\UserRight.java,select ur from UserRight as ur where ur.user.id = ? and ur.resource.id = ? and ur.privilege = ?,189,User.hbm.xml,powerstone\src\org\powerstone\ca\model\User.hbm.xml
flowNodeBinding,FlowNodeOutputParamBinding.java,powerstone\\src\\org\\powerstone\\workflow\\model\\FlowNodeOutputParamBinding.java,"name=""flowNodeBinding""",30,FlowNodeOutputParamBinding.hbm.xml,powerstone\src\org\powerstone\workflow\model\FlowNodeOutputParamBinding.hbm.xml
flowNodeBinding,FlowNodeInputParamBinding.java,powerstone\\src\\org\\powerstone\\workflow\\model\\FlowNodeInputParamBinding.java,"name=""flowNodeBinding""",30,FlowNodeInputParamBinding.hbm.xml,powerstone\src\org\powerstone\workflow\model\FlowNodeInputParamBinding.hbm.xml
flowNodeBinding,FlowRolePerformer.java,powerstone\\src\\org\\powerstone\\workflow\\model\\FlowRolePerformer.java,"name=""flowNodeBinding""",30,FlowRolePerformer.hbm.xml,powerstone\src\org\powerstone\workflow\model\FlowRolePerformer.hbm.xml
flowNodeBinding,FlowUserPerformer.java,powerstone\\src\\org\\powerstone\\workflow\\model\\FlowUserPerformer.java,"name=""flowNodeBinding""",30,FlowUserPerformer.hbm.xml,powerstone\src\org\powerstone\workflow\model\FlowUserPerformer.hbm.xml
flowNodeBinding,FlowTask.java,powerstone\\src\\org\\powerstone\\workflow\\model\\FlowTask.java,select count(*) from FlowTaskUser tu join tu.flowTask task join tu.flowTask.flowNodeBinding.flowDeploy.workflowMeta.businessType bt where tu.userID = ? and task.taskState in(?) and bt.typeID = ?,215,FlowTask.hbm.xml,powerstone\src\org\powerstone\workflow\model\FlowTask.hbm.xml
flowNodeBinding,FlowTask.java,powerstone\\src\\org\\powerstone\\workflow\\model\\FlowTask.java,select fup.flowNodeBinding from FlowUserPerformer fup where fup.userID = ?,149,FlowNodeBinding.hbm.xml,powerstone\src\org\powerstone\workflow\model\FlowNodeBinding.hbm.xml
flowNodeBinding,FlowTask.java,powerstone\\src\\org\\powerstone\\workflow\\model\\FlowTask.java,select frp.flowNodeBinding from FlowRolePerformer frp where frp.roleID = ?,152,FlowNodeBinding.hbm.xml,powerstone\src\org\powerstone\workflow\model\FlowNodeBinding.hbm.xml
flowNodeBinding,FlowTask.java,powerstone\\src\\org\\powerstone\\workflow\\model\\FlowTask.java,"name=""flowNodeBinding""",68,FlowTask.hbm.xml,powerstone\src\org\powerstone\workflow\model\FlowTask.hbm.xml
flowNodeBinding,FlowTask.java,powerstone\\src\\org\\powerstone\\workflow\\model\\FlowTask.java,select bt.typeID*count(*) from FlowTaskUser tu join tu.flowTask task join tu.flowTask.flowNodeBinding.flowDeploy.workflowMeta.businessType bt where tu.userID = ? and task.taskState in (?*?) group by bt,182,FlowTask.hbm.xml,powerstone\src\org\powerstone\workflow\model\FlowTask.hbm.xml
flowNodeBinding,FlowTask.java,powerstone\\src\\org\\powerstone\\workflow\\model\\FlowTask.java,select task from FlowTask task join task.flowNodeBinding node where node.nodeBindingID = ? and task.taskState = ?,176,FlowTask.hbm.xml,powerstone\src\org\powerstone\workflow\model\FlowTask.hbm.xml
flowNodeBinding,FlowTask.java,powerstone\\src\\org\\powerstone\\workflow\\model\\FlowTask.java,select bt.typeID*count(*) from FlowTaskUser tu join tu.flowTask task join tu.flowTask.flowNodeBinding.flowDeploy.workflowMeta.businessType bt where tu.userID = ? and task.taskState= ? group by bt,200,FlowTask.hbm.xml,powerstone\src\org\powerstone\workflow\model\FlowTask.hbm.xml
flowNodeBinding,FlowTask.java,powerstone\\src\\org\\powerstone\\workflow\\model\\FlowTask.java,select task from FlowTask task join task.flowNodeBinding node join task.flowProcTransaction.flowProc flowProc where node.flowNodeID = ? and flowProc.flowProcID = ?,221,FlowTask.hbm.xml,powerstone\src\org\powerstone\workflow\model\FlowTask.hbm.xml
flowNodeBinding,FlowTask.java,powerstone\\src\\org\\powerstone\\workflow\\model\\FlowTask.java,select count(*) from NewTask nt join nt.flowTask task join task.flowNodeBinding.flowDeploy.workflowMeta.businessType bt where nt.taskCandidateUserID = ? and task.taskState in(?) and bt.typeID = ?,203,FlowTask.hbm.xml,powerstone\src\org\powerstone\workflow\model\FlowTask.hbm.xml
flowNodeBinding,FlowTask.java,powerstone\\src\\org\\powerstone\\workflow\\model\\FlowTask.java,select task from FlowTaskUser tu join tu.flowTask task join tu.flowTask.flowNodeBinding.flowDeploy.workflowMeta.businessType bt where tu.userID = ? and bt.typeID = ? and task.taskState in(?*?) order by task.startTime desc,212,FlowTask.hbm.xml,powerstone\src\org\powerstone\workflow\model\FlowTask.hbm.xml
flowNodeBinding,FlowTask.java,powerstone\\src\\org\\powerstone\\workflow\\model\\FlowTask.java,select task from NewTask nt join nt.flowTask task join task.flowNodeBinding.flowDeploy.workflowMeta.businessType bt where nt.taskCandidateUserID = ? and bt.typeID = ? and task.taskState in(?) order by task.createTime desc,209,FlowTask.hbm.xml,powerstone\src\org\powerstone\workflow\model\FlowTask.hbm.xml
flowNodeBinding,FlowTask.java,powerstone\\src\\org\\powerstone\\workflow\\model\\FlowTask.java,select task from FlowTaskUser tu join tu.flowTask task join tu.flowTask.flowNodeBinding.flowDeploy.workflowMeta.businessType bt where tu.userID = ? and bt.typeID = ? and task.taskState in(?) order by task.overTime desc,218,FlowTask.hbm.xml,powerstone\src\org\powerstone\workflow\model\FlowTask.hbm.xml
flowNodeBinding,FlowTask.java,powerstone\\src\\org\\powerstone\\workflow\\model\\FlowTask.java,select count(*) from FlowTaskUser tu join tu.flowTask task join tu.flowTask.flowNodeBinding.flowDeploy.workflowMeta.businessType bt where tu.userID = ? and task.taskState in(?*?) and bt.typeID = ?,206,FlowTask.hbm.xml,powerstone\src\org\powerstone\workflow\model\FlowTask.hbm.xml
flowNodeBinding,FlowTask.java,powerstone\\src\\org\\powerstone\\workflow\\model\\FlowTask.java,select bt.typeID*count(*) from NewTask nt join nt.flowTask task join task.flowNodeBinding.flowDeploy.workflowMeta.businessType bt where nt.taskCandidateUserID = ? and task.taskState in (?) group by bt,179,FlowTask.hbm.xml,powerstone\src\org\powerstone\workflow\model\FlowTask.hbm.xml
memo,User.java,powerstone\\src\\org\\powerstone\\ca\\model\\User.java,"name=""memo""",71,User.hbm.xml,powerstone\src\org\powerstone\ca\model\User.hbm.xml
memo,FlowDeploy.java,powerstone\\src\\org\\powerstone\\workflow\\model\\FlowDeploy.java,"<spring:bind path=""flowDeploy.memo"">",55,flowDeployForm.jsp,powerstone\web\WEB-INF\views\flow_deploy\flowDeployForm.jsp
memo,FlowDeploy.java,powerstone\\src\\org\\powerstone\\workflow\\model\\FlowDeploy.java,"name=""memo""",54,FlowDeploy.hbm.xml,powerstone\src\org\powerstone\workflow\model\FlowDeploy.hbm.xml
memo,Role.java,powerstone\\src\\org\\powerstone\\ca\\model\\Role.java,"<spring:bind path=""role.memo"">",52,roleForm.jsp,powerstone\web\WEB-INF\views\role_manage\roleForm.jsp
memo,Role.java,powerstone\\src\\org\\powerstone\\ca\\model\\Role.java,"name=""memo""",38,Role.hbm.xml,powerstone\src\org\powerstone\ca\model\Role.hbm.xml
memo,WorkflowDriver.java,powerstone\\src\\org\\powerstone\\workflow\\model\\WorkflowDriver.java,"<TD nowrap width=""80%"" height=30 align=left><c:out value=""${flowDriver.memo}""/>&nbsp;</TD>",20,showExecutingTask.jsp,powerstone\web\WEB-INF\views\work_list\showExecutingTask.jsp
memo,WorkflowDriver.java,powerstone\\src\\org\\powerstone\\workflow\\model\\WorkflowDriver.java,"<spring:bind path=""driver.memo"">",47,driverForm.jsp,powerstone\web\WEB-INF\views\flow_driver\driverForm.jsp
memo,WorkflowDriver.java,powerstone\\src\\org\\powerstone\\workflow\\model\\WorkflowDriver.java,"name=""memo""",38,WorkflowDriver.hbm.xml,powerstone\src\org\powerstone\workflow\model\WorkflowDriver.hbm.xml
memo,Group.java,powerstone\\src\\org\\powerstone\\ca\\model\\Group.java,"<spring:bind path=""group.memo"">",61,groupForm.jsp,powerstone\web\WEB-INF\views\user_group\groupForm.jsp
memo,Group.java,powerstone\\src\\org\\powerstone\\ca\\model\\Group.java,"name=""memo""",38,Group.hbm.xml,powerstone\src\org\powerstone\ca\model\Group.hbm.xml
roleID,FlowTaskRole.java,powerstone\\src\\org\\powerstone\\workflow\\model\\FlowTaskRole.java,"name=""roleID""",30,FlowTaskRole.hbm.xml,powerstone\src\org\powerstone\workflow\model\FlowTaskRole.hbm.xml
roleID,FlowRolePerformer.java,powerstone\\src\\org\\powerstone\\workflow\\model\\FlowRolePerformer.java,"name=""roleID""",38,FlowRolePerformer.hbm.xml,powerstone\src\org\powerstone\workflow\model\FlowRolePerformer.hbm.xml
roleID,FlowRolePerformer.java,powerstone\\src\\org\\powerstone\\workflow\\model\\FlowRolePerformer.java,select frp.flowNodeBinding from FlowRolePerformer frp where frp.roleID = ?,152,FlowNodeBinding.hbm.xml,powerstone\src\org\powerstone\workflow\model\FlowNodeBinding.hbm.xml
roleID,Role.java,powerstone\\src\\org\\powerstone\\ca\\model\\Role.java,"<option value='<c:out value=""${currRole.roleID}""/>'>",147,configNodePerformer.jsp,powerstone\web\WEB-INF\views\flow_performer\configNodePerformer.jsp
roleID,Role.java,powerstone\\src\\org\\powerstone\\ca\\model\\Role.java,select rr from RoleRight as rr where rr.role.roleID = ? and rr.resource.id = ? and rr.privilege = ?,96,Role.hbm.xml,powerstone\src\org\powerstone\ca\model\Role.hbm.xml
roleID,Role.java,powerstone\\src\\org\\powerstone\\ca\\model\\Role.java,select r from Role as r order by r.roleID,90,Role.hbm.xml,powerstone\src\org\powerstone\ca\model\Role.hbm.xml
roleID,Role.java,powerstone\\src\\org\\powerstone\\ca\\model\\Role.java,select r.users from Role as r where r.roleID = ?,93,Role.hbm.xml,powerstone\src\org\powerstone\ca\model\Role.hbm.xml
roleID,Role.java,powerstone\\src\\org\\powerstone\\ca\\model\\Role.java,"<spring:bind path=""role.roleID"">",33,roleForm.jsp,powerstone\web\WEB-INF\views\role_manage\roleForm.jsp
roleID,Role.java,powerstone\\src\\org\\powerstone\\ca\\model\\Role.java,"name=""roleID""",15,Role.hbm.xml,powerstone\src\org\powerstone\ca\model\Role.hbm.xml
userID,UserToken.java,powerstone\\src\\org\\powerstone\\ca\\model\\UserToken.java,"name=""userID""",38,UserToken.hbm.xml,powerstone\src\org\powerstone\ca\model\UserToken.hbm.xml
userID,UserToken.java,powerstone\\src\\org\\powerstone\\ca\\model\\UserToken.java,select ut from UserToken as ut where ut.userID = ? and ut.ipAddress = ?,83,UserToken.hbm.xml,powerstone\src\org\powerstone\ca\model\UserToken.hbm.xml
userID,FlowTaskAssigner.java,powerstone\\src\\org\\powerstone\\workflow\\model\\FlowTaskAssigner.java,select fta from FlowTaskAssigner fta inner join fta.flowTask ft where fta.userID = ? and ft.taskID = ?,55,FlowTaskAssigner.hbm.xml,powerstone\src\org\powerstone\workflow\model\FlowTaskAssigner.hbm.xml
userID,FlowTaskAssigner.java,powerstone\\src\\org\\powerstone\\workflow\\model\\FlowTaskAssigner.java,select count(*) from FlowTaskAssigner fta join fta.flowTask task where fta.userID = ? and task.taskState in (?),191,FlowTask.hbm.xml,powerstone\src\org\powerstone\workflow\model\FlowTask.hbm.xml
userID,FlowTaskAssigner.java,powerstone\\src\\org\\powerstone\\workflow\\model\\FlowTaskAssigner.java,"name=""userID""",30,FlowTaskAssigner.hbm.xml,powerstone\src\org\powerstone\workflow\model\FlowTaskAssigner.hbm.xml
userID,FlowTaskAssigner.java,powerstone\\src\\org\\powerstone\\workflow\\model\\FlowTaskAssigner.java,select task from FlowTaskAssigner fta join fta.flowTask task where fta.userID = ? and task.taskState in (?),188,FlowTask.hbm.xml,powerstone\src\org\powerstone\workflow\model\FlowTask.hbm.xml
userID,FlowTaskUser.java,powerstone\\src\\org\\powerstone\\workflow\\model\\FlowTaskUser.java,select bt.typeID*count(*) from FlowTaskUser tu join tu.flowTask task join tu.flowTask.flowNodeBinding.flowDeploy.workflowMeta.businessType bt where tu.userID = ? and task.taskState in (?*?) group by bt,182,FlowTask.hbm.xml,powerstone\src\org\powerstone\workflow\model\FlowTask.hbm.xml
userID,FlowTaskUser.java,powerstone\\src\\org\\powerstone\\workflow\\model\\FlowTaskUser.java,select task from FlowTaskUser tu join tu.flowTask task join tu.flowTask.flowNodeBinding.flowDeploy.workflowMeta.businessType bt where tu.userID = ? and bt.typeID = ? and task.taskState in(?) order by task.overTime desc,218,FlowTask.hbm.xml,powerstone\src\org\powerstone\workflow\model\FlowTask.hbm.xml
userID,FlowTaskUser.java,powerstone\\src\\org\\powerstone\\workflow\\model\\FlowTaskUser.java,select task from FlowTaskUser tu join tu.flowTask task where task.taskState in (?) and tu.userID = ?,194,FlowTask.hbm.xml,powerstone\src\org\powerstone\workflow\model\FlowTask.hbm.xml
userID,FlowTaskUser.java,powerstone\\src\\org\\powerstone\\workflow\\model\\FlowTaskUser.java,select ftu from FlowTaskUser ftu inner join ftu.flowTask ft where ftu.userID = ? and ft.taskID = ?,54,FlowTaskUser.hbm.xml,powerstone\src\org\powerstone\workflow\model\FlowTaskUser.hbm.xml
userID,FlowTaskUser.java,powerstone\\src\\org\\powerstone\\workflow\\model\\FlowTaskUser.java,select count(*) from FlowTaskUser tu join tu.flowTask task join tu.flowTask.flowNodeBinding.flowDeploy.workflowMeta.businessType bt where tu.userID = ? and task.taskState in(?) and bt.typeID = ?,215,FlowTask.hbm.xml,powerstone\src\org\powerstone\workflow\model\FlowTask.hbm.xml
userID,FlowTaskUser.java,powerstone\\src\\org\\powerstone\\workflow\\model\\FlowTaskUser.java,select task from FlowTaskUser tu join tu.flowTask task join tu.flowTask.flowNodeBinding.flowDeploy.workflowMeta.businessType bt where tu.userID = ? and bt.typeID = ? and task.taskState in(?*?) order by task.startTime desc,212,FlowTask.hbm.xml,powerstone\src\org\powerstone\workflow\model\FlowTask.hbm.xml
userID,FlowTaskUser.java,powerstone\\src\\org\\powerstone\\workflow\\model\\FlowTaskUser.java,"name=""userID""",30,FlowTaskUser.hbm.xml,powerstone\src\org\powerstone\workflow\model\FlowTaskUser.hbm.xml
userID,FlowTaskUser.java,powerstone\\src\\org\\powerstone\\workflow\\model\\FlowTaskUser.java,select bt.typeID*count(*) from FlowTaskUser tu join tu.flowTask task join tu.flowTask.flowNodeBinding.flowDeploy.workflowMeta.businessType bt where tu.userID = ? and task.taskState= ? group by bt,200,FlowTask.hbm.xml,powerstone\src\org\powerstone\workflow\model\FlowTask.hbm.xml
userID,FlowTaskUser.java,powerstone\\src\\org\\powerstone\\workflow\\model\\FlowTaskUser.java,select count(*) from FlowTaskUser tu join tu.flowTask task join tu.flowTask.flowNodeBinding.flowDeploy.workflowMeta.businessType bt where tu.userID = ? and task.taskState in(?*?) and bt.typeID = ?,206,FlowTask.hbm.xml,powerstone\src\org\powerstone\workflow\model\FlowTask.hbm.xml
userID,FlowUserPerformer.java,powerstone\\src\\org\\powerstone\\workflow\\model\\FlowUserPerformer.java,select fup.flowNodeBinding from FlowUserPerformer fup where fup.userID = ?,149,FlowNodeBinding.hbm.xml,powerstone\src\org\powerstone\workflow\model\FlowNodeBinding.hbm.xml
userID,FlowUserPerformer.java,powerstone\\src\\org\\powerstone\\workflow\\model\\FlowUserPerformer.java,"name=""userID""",38,FlowUserPerformer.hbm.xml,powerstone\src\org\powerstone\workflow\model\FlowUserPerformer.hbm.xml
workflowMeta,FlowDeploy.java,powerstone\\src\\org\\powerstone\\workflow\\model\\FlowDeploy.java,select bt.typeID*count(*) from FlowTaskUser tu join tu.flowTask task join tu.flowTask.flowNodeBinding.flowDeploy.workflowMeta.businessType bt where tu.userID = ? and task.taskState= ? group by bt,200,FlowTask.hbm.xml,powerstone\src\org\powerstone\workflow\model\FlowTask.hbm.xml
workflowMeta,FlowDeploy.java,powerstone\\src\\org\\powerstone\\workflow\\model\\FlowDeploy.java,select count(*) from FlowTaskUser tu join tu.flowTask task join tu.flowTask.flowNodeBinding.flowDeploy.workflowMeta.businessType bt where tu.userID = ? and task.taskState in(?) and bt.typeID = ?,215,FlowTask.hbm.xml,powerstone\src\org\powerstone\workflow\model\FlowTask.hbm.xml
workflowMeta,FlowDeploy.java,powerstone\\src\\org\\powerstone\\workflow\\model\\FlowDeploy.java,select task from FlowTaskUser tu join tu.flowTask task join tu.flowTask.flowNodeBinding.flowDeploy.workflowMeta.businessType bt where tu.userID = ? and bt.typeID = ? and task.taskState in(?*?) order by task.startTime desc,212,FlowTask.hbm.xml,powerstone\src\org\powerstone\workflow\model\FlowTask.hbm.xml
workflowMeta,FlowDeploy.java,powerstone\\src\\org\\powerstone\\workflow\\model\\FlowDeploy.java,select task from NewTask nt join nt.flowTask task join task.flowNodeBinding.flowDeploy.workflowMeta.businessType bt where nt.taskCandidateUserID = ? and bt.typeID = ? and task.taskState in(?) order by task.createTime desc,209,FlowTask.hbm.xml,powerstone\src\org\powerstone\workflow\model\FlowTask.hbm.xml
workflowMeta,FlowDeploy.java,powerstone\\src\\org\\powerstone\\workflow\\model\\FlowDeploy.java,select task from FlowTaskUser tu join tu.flowTask task join tu.flowTask.flowNodeBinding.flowDeploy.workflowMeta.businessType bt where tu.userID = ? and bt.typeID = ? and task.taskState in(?) order by task.overTime desc,218,FlowTask.hbm.xml,powerstone\src\org\powerstone\workflow\model\FlowTask.hbm.xml
workflowMeta,FlowDeploy.java,powerstone\\src\\org\\powerstone\\workflow\\model\\FlowDeploy.java,select count(*) from NewTask nt join nt.flowTask task join task.flowNodeBinding.flowDeploy.workflowMeta.businessType bt where nt.taskCandidateUserID = ? and task.taskState in(?) and bt.typeID = ?,203,FlowTask.hbm.xml,powerstone\src\org\powerstone\workflow\model\FlowTask.hbm.xml
workflowMeta,FlowDeploy.java,powerstone\\src\\org\\powerstone\\workflow\\model\\FlowDeploy.java,"name=""workflowMeta""",61,FlowDeploy.hbm.xml,powerstone\src\org\powerstone\workflow\model\FlowDeploy.hbm.xml
workflowMeta,FlowDeploy.java,powerstone\\src\\org\\powerstone\\workflow\\model\\FlowDeploy.java,select bt.typeID*count(*) from FlowTaskUser tu join tu.flowTask task join tu.flowTask.flowNodeBinding.flowDeploy.workflowMeta.businessType bt where tu.userID = ? and task.taskState in (?*?) group by bt,182,FlowTask.hbm.xml,powerstone\src\org\powerstone\workflow\model\FlowTask.hbm.xml
workflowMeta,FlowDeploy.java,powerstone\\src\\org\\powerstone\\workflow\\model\\FlowDeploy.java,select count(*) from FlowTaskUser tu join tu.flowTask task join tu.flowTask.flowNodeBinding.flowDeploy.workflowMeta.businessType bt where tu.userID = ? and task.taskState in(?*?) and bt.typeID = ?,206,FlowTask.hbm.xml,powerstone\src\org\powerstone\workflow\model\FlowTask.hbm.xml
workflowMeta,FlowDeploy.java,powerstone\\src\\org\\powerstone\\workflow\\model\\FlowDeploy.java,select bt.typeID*count(*) from NewTask nt join nt.flowTask task join task.flowNodeBinding.flowDeploy.workflowMeta.businessType bt where nt.taskCandidateUserID = ? and task.taskState in (?) group by bt,179,FlowTask.hbm.xml,powerstone\src\org\powerstone\workflow\model\FlowTask.hbm.xml
workflowMeta,FlowMetaFile.java,powerstone\\src\\org\\powerstone\\workflow\\model\\FlowMetaFile.java,"name=""workflowMeta""",30,FlowMetaFile.hbm.xml,powerstone\src\org\powerstone\workflow\model\FlowMetaFile.hbm.xml
contextPath,WorkflowDriver.java,powerstone\\src\\org\\powerstone\\workflow\\model\\WorkflowDriver.java,from WorkflowDriver wd where wd.contextPath = ? and wd.writeURL = ?,118,WorkflowDriver.hbm.xml,powerstone\src\org\powerstone\workflow\model\WorkflowDriver.hbm.xml
contextPath,WorkflowDriver.java,powerstone\\src\\org\\powerstone\\workflow\\model\\WorkflowDriver.java,select distinct wd.contextPath from WorkflowDriver wd,121,WorkflowDriver.hbm.xml,powerstone\src\org\powerstone\workflow\model\WorkflowDriver.hbm.xml
contextPath,WorkflowDriver.java,powerstone\\src\\org\\powerstone\\workflow\\model\\WorkflowDriver.java,from WorkflowDriver wd where wd.contextPath = ?,112,WorkflowDriver.hbm.xml,powerstone\src\org\powerstone\workflow\model\WorkflowDriver.hbm.xml
contextPath,WorkflowDriver.java,powerstone\\src\\org\\powerstone\\workflow\\model\\WorkflowDriver.java,"name=""contextPath""",59,WorkflowDriver.hbm.xml,powerstone\src\org\powerstone\workflow\model\WorkflowDriver.hbm.xml
contextPath,WorkflowDriver.java,powerstone\\src\\org\\powerstone\\workflow\\model\\WorkflowDriver.java,"<field property=""contextPath"" depends=""required*mask"">",134,validation.xml,powerstone\web\WEB-INF\validation.xml
contextPath,WorkflowDriver.java,powerstone\\src\\org\\powerstone\\workflow\\model\\WorkflowDriver.java,from WorkflowDriver wd where wd.contextPath = ? and wd.readURL = ?,115,WorkflowDriver.hbm.xml,powerstone\src\org\powerstone\workflow\model\WorkflowDriver.hbm.xml
contextPath,WorkflowDriver.java,powerstone\\src\\org\\powerstone\\workflow\\model\\WorkflowDriver.java,"src='<c:out value=""${flowDriver.contextPath}""/>/<c:out value=""${flowDriver.readURL}""/>?<c:out value=""${taskIDParamName}""/>=<c:out value=""${taskID}""/>'",37,showExecutingTask.jsp,powerstone\web\WEB-INF\views\work_list\showExecutingTask.jsp
flowDeploy,FlowNodeBinding.java,powerstone\\src\\org\\powerstone\\workflow\\model\\FlowNodeBinding.java,select task from FlowTaskUser tu join tu.flowTask task join tu.flowTask.flowNodeBinding.flowDeploy.workflowMeta.businessType bt where tu.userID = ? and bt.typeID = ? and task.taskState in(?) order by task.overTime desc,218,FlowTask.hbm.xml,powerstone\src\org\powerstone\workflow\model\FlowTask.hbm.xml
flowDeploy,FlowNodeBinding.java,powerstone\\src\\org\\powerstone\\workflow\\model\\FlowNodeBinding.java,select count(*) from NewTask nt join nt.flowTask task join task.flowNodeBinding.flowDeploy.workflowMeta.businessType bt where nt.taskCandidateUserID = ? and task.taskState in(?) and bt.typeID = ?,203,FlowTask.hbm.xml,powerstone\src\org\powerstone\workflow\model\FlowTask.hbm.xml
flowDeploy,FlowNodeBinding.java,powerstone\\src\\org\\powerstone\\workflow\\model\\FlowNodeBinding.java,select count(*) from FlowTaskUser tu join tu.flowTask task join tu.flowTask.flowNodeBinding.flowDeploy.workflowMeta.businessType bt where tu.userID = ? and task.taskState in(?*?) and bt.typeID = ?,206,FlowTask.hbm.xml,powerstone\src\org\powerstone\workflow\model\FlowTask.hbm.xml
flowDeploy,FlowNodeBinding.java,powerstone\\src\\org\\powerstone\\workflow\\model\\FlowNodeBinding.java,select bt.typeID*count(*) from NewTask nt join nt.flowTask task join task.flowNodeBinding.flowDeploy.workflowMeta.businessType bt where nt.taskCandidateUserID = ? and task.taskState in (?) group by bt,179,FlowTask.hbm.xml,powerstone\src\org\powerstone\workflow\model\FlowTask.hbm.xml
flowDeploy,FlowNodeBinding.java,powerstone\\src\\org\\powerstone\\workflow\\model\\FlowNodeBinding.java,"name=""flowDeploy""",30,FlowNodeBinding.hbm.xml,powerstone\src\org\powerstone\workflow\model\FlowNodeBinding.hbm.xml
flowDeploy,FlowNodeBinding.java,powerstone\\src\\org\\powerstone\\workflow\\model\\FlowNodeBinding.java,select task from NewTask nt join nt.flowTask task join task.flowNodeBinding.flowDeploy.workflowMeta.businessType bt where nt.taskCandidateUserID = ? and bt.typeID = ? and task.taskState in(?) order by task.createTime desc,209,FlowTask.hbm.xml,powerstone\src\org\powerstone\workflow\model\FlowTask.hbm.xml
flowDeploy,FlowNodeBinding.java,powerstone\\src\\org\\powerstone\\workflow\\model\\FlowNodeBinding.java,select task from FlowTaskUser tu join tu.flowTask task join tu.flowTask.flowNodeBinding.flowDeploy.workflowMeta.businessType bt where tu.userID = ? and bt.typeID = ? and task.taskState in(?*?) order by task.startTime desc,212,FlowTask.hbm.xml,powerstone\src\org\powerstone\workflow\model\FlowTask.hbm.xml
flowDeploy,FlowNodeBinding.java,powerstone\\src\\org\\powerstone\\workflow\\model\\FlowNodeBinding.java,select bt.typeID*count(*) from FlowTaskUser tu join tu.flowTask task join tu.flowTask.flowNodeBinding.flowDeploy.workflowMeta.businessType bt where tu.userID = ? and task.taskState in (?*?) group by bt,182,FlowTask.hbm.xml,powerstone\src\org\powerstone\workflow\model\FlowTask.hbm.xml
flowDeploy,FlowNodeBinding.java,powerstone\\src\\org\\powerstone\\workflow\\model\\FlowNodeBinding.java,select bt.typeID*count(*) from FlowTaskUser tu join tu.flowTask task join tu.flowTask.flowNodeBinding.flowDeploy.workflowMeta.businessType bt where tu.userID = ? and task.taskState= ? group by bt,200,FlowTask.hbm.xml,powerstone\src\org\powerstone\workflow\model\FlowTask.hbm.xml
flowDeploy,FlowNodeBinding.java,powerstone\\src\\org\\powerstone\\workflow\\model\\FlowNodeBinding.java,select count(*) from FlowTaskUser tu join tu.flowTask task join tu.flowTask.flowNodeBinding.flowDeploy.workflowMeta.businessType bt where tu.userID = ? and task.taskState in(?) and bt.typeID = ?,215,FlowTask.hbm.xml,powerstone\src\org\powerstone\workflow\model\FlowTask.hbm.xml
flowDeploy,FlowProc.java,powerstone\\src\\org\\powerstone\\workflow\\model\\FlowProc.java,select theFP from FlowProc theFP where theFP.flowProcID in (select fp.flowProcID from FlowTask ft join ft.flowProcTransaction.flowProc fp where fp.flowDeploy.flowDeployID = ? and ft.taskState not in (?) group by fp having count(ft) >0),121,FlowProc.hbm.xml,powerstone\src\org\powerstone\workflow\model\FlowProc.hbm.xml
flowDeploy,FlowProc.java,powerstone\\src\\org\\powerstone\\workflow\\model\\FlowProc.java,"name=""flowDeploy""",30,FlowProc.hbm.xml,powerstone\src\org\powerstone\workflow\model\FlowProc.hbm.xml
taskID,FlowTask.java,powerstone\\src\\org\\powerstone\\workflow\\model\\FlowTask.java,select fta from FlowTaskAssigner fta inner join fta.flowTask ft where fta.userID = ? and ft.taskID = ?,55,FlowTaskAssigner.hbm.xml,powerstone\src\org\powerstone\workflow\model\FlowTaskAssigner.hbm.xml
taskID,FlowTask.java,powerstone\\src\\org\\powerstone\\workflow\\model\\FlowTask.java,"name=""taskID""",15,FlowTask.hbm.xml,powerstone\src\org\powerstone\workflow\model\FlowTask.hbm.xml
taskID,FlowTask.java,powerstone\\src\\org\\powerstone\\workflow\\model\\FlowTask.java,select ftu from FlowTaskUser ftu inner join ftu.flowTask ft where ftu.userID = ? and ft.taskID = ?,54,FlowTaskUser.hbm.xml,powerstone\src\org\powerstone\workflow\model\FlowTaskUser.hbm.xml
users,Role.java,powerstone\\src\\org\\powerstone\\ca\\model\\Role.java,"name=""users""",45,Role.hbm.xml,powerstone\src\org\powerstone\ca\model\Role.hbm.xml
users,Role.java,powerstone\\src\\org\\powerstone\\ca\\model\\Role.java,select r.users from Role as r where r.roleID = ?,93,Role.hbm.xml,powerstone\src\org\powerstone\ca\model\Role.hbm.xml
users,Group.java,powerstone\\src\\org\\powerstone\\ca\\model\\Group.java,select u from User as u where u.id not in(select g.users.id from Group g),177,User.hbm.xml,powerstone\src\org\powerstone\ca\model\User.hbm.xml
users,Group.java,powerstone\\src\\org\\powerstone\\ca\\model\\Group.java,"name=""users""",53,Group.hbm.xml,powerstone\src\org\powerstone\ca\model\Group.hbm.xml
users,WebModule.java,powerstone\\src\\org\\powerstone\\ca\\model\\WebModule.java,"name=""users""",70,WebModule.hbm.xml,powerstone\src\org\powerstone\ca\model\WebModule.hbm.xml
userManager,CADelegaterImpl.java,powerstone\\src\\org\\powerstone\\ca\\service\\impl\\CADelegaterImpl.java,"<property name=""userManager""><ref local=""userManager""/></property>",64,workflow_ca_context.xml,powerstone\web\WEB-INF\workflow_ca_context.xml
userManager,AuthenticateManagerImpl.java,powerstone\\src\\org\\powerstone\\ca\\service\\impl\\AuthenticateManagerImpl.java,"<property name=""userManager""><ref local=""userManager""/></property>",57,workflow_ca_context.xml,powerstone\web\WEB-INF\workflow_ca_context.xml
userManager,RoleManageController.java,powerstone\\src\\org\\powerstone\\ca\\web\\RoleManageController.java,"<property name=""userManager""><ref bean=""userManager""/></property>",45,role_manage-servlet.xml,powerstone\web\WEB-INF\role_manage-servlet.xml
userManager,MyInfoFormController.java,powerstone\\src\\org\\powerstone\\ca\\web\\MyInfoFormController.java,"<property name=""userManager"">",200,user_group-servlet.xml,powerstone\web\WEB-INF\user_group-servlet.xml
userManager,UserFormValidator.java,powerstone\\src\\org\\powerstone\\ca\\web\\UserFormValidator.java,"<property name=""userManager"">",162,user_group-servlet.xml,powerstone\web\WEB-INF\user_group-servlet.xml
userManager,PrivilegeManageController.java,powerstone\\src\\org\\powerstone\\ca\\web\\PrivilegeManageController.java,"<property name=""userManager""><ref bean=""userManager""/></property>",34,privilege_manage-servlet.xml,powerstone\web\WEB-INF\privilege_manage-servlet.xml
userManager,RoleManagerImpl.java,powerstone\\src\\org\\powerstone\\ca\\service\\impl\\RoleManagerImpl.java,"<property name=""userManager""><ref local=""userManager""/></property>",41,workflow_ca_context.xml,powerstone\web\WEB-INF\workflow_ca_context.xml
userManager,PassFormController.java,powerstone\\src\\org\\powerstone\\ca\\web\\PassFormController.java,"<property name=""userManager"">",219,user_group-servlet.xml,powerstone\web\WEB-INF\user_group-servlet.xml
userManager,GroupManagerImpl.java,powerstone\\src\\org\\powerstone\\ca\\service\\impl\\GroupManagerImpl.java,"<property name=""userManager""><ref local=""userManager""/></property>",33,workflow_ca_context.xml,powerstone\web\WEB-INF\workflow_ca_context.xml
userManager,UserGroupController.java,powerstone\\src\\org\\powerstone\\ca\\web\\UserGroupController.java,"<property name=""userManager"">",91,user_group-servlet.xml,powerstone\web\WEB-INF\user_group-servlet.xml
userManager,UserFormController.java,powerstone\\src\\org\\powerstone\\ca\\web\\UserFormController.java,"<property name=""userManager"">",183,user_group-servlet.xml,powerstone\web\WEB-INF\user_group-servlet.xml
userManager,MyPassFormController.java,powerstone\\src\\org\\powerstone\\ca\\web\\MyPassFormController.java,"<property name=""userManager"">",234,user_group-servlet.xml,powerstone\web\WEB-INF\user_group-servlet.xml
flowTask,FlowTaskAssigner.java,powerstone\\src\\org\\powerstone\\workflow\\model\\FlowTaskAssigner.java,"name=""flowTask""",38,FlowTaskAssigner.hbm.xml,powerstone\src\org\powerstone\workflow\model\FlowTaskAssigner.hbm.xml
flowTask,FlowTaskAssigner.java,powerstone\\src\\org\\powerstone\\workflow\\model\\FlowTaskAssigner.java,select fta from FlowTaskAssigner fta inner join fta.flowTask ft where fta.userID = ? and ft.taskID = ?,55,FlowTaskAssigner.hbm.xml,powerstone\src\org\powerstone\workflow\model\FlowTaskAssigner.hbm.xml
flowTask,FlowTaskAssigner.java,powerstone\\src\\org\\powerstone\\workflow\\model\\FlowTaskAssigner.java,select count(*) from FlowTaskAssigner fta join fta.flowTask task where fta.userID = ? and task.taskState in (?),191,FlowTask.hbm.xml,powerstone\src\org\powerstone\workflow\model\FlowTask.hbm.xml
flowTask,FlowTaskAssigner.java,powerstone\\src\\org\\powerstone\\workflow\\model\\FlowTaskAssigner.java,select task from FlowTaskAssigner fta join fta.flowTask task where fta.userID = ? and task.taskState in (?),188,FlowTask.hbm.xml,powerstone\src\org\powerstone\workflow\model\FlowTask.hbm.xml
flowTask,FlowTaskRole.java,powerstone\\src\\org\\powerstone\\workflow\\model\\FlowTaskRole.java,"name=""flowTask""",38,FlowTaskRole.hbm.xml,powerstone\src\org\powerstone\workflow\model\FlowTaskRole.hbm.xml
flowTask,FlowTaskUser.java,powerstone\\src\\org\\powerstone\\workflow\\model\\FlowTaskUser.java,select count(*) from FlowTaskUser tu join tu.flowTask task join tu.flowTask.flowNodeBinding.flowDeploy.workflowMeta.businessType bt where tu.userID = ? and task.taskState in(?) and bt.typeID = ?,215,FlowTask.hbm.xml,powerstone\src\org\powerstone\workflow\model\FlowTask.hbm.xml
flowTask,FlowTaskUser.java,powerstone\\src\\org\\powerstone\\workflow\\model\\FlowTaskUser.java,select bt.typeID*count(*) from FlowTaskUser tu join tu.flowTask task join tu.flowTask.flowNodeBinding.flowDeploy.workflowMeta.businessType bt where tu.userID = ? and task.taskState in (?*?) group by bt,182,FlowTask.hbm.xml,powerstone\src\org\powerstone\workflow\model\FlowTask.hbm.xml
flowTask,FlowTaskUser.java,powerstone\\src\\org\\powerstone\\workflow\\model\\FlowTaskUser.java,select task from FlowTaskUser tu join tu.flowTask task join tu.flowTask.flowNodeBinding.flowDeploy.workflowMeta.businessType bt where tu.userID = ? and bt.typeID = ? and task.taskState in(?*?) order by task.startTime desc,212,FlowTask.hbm.xml,powerstone\src\org\powerstone\workflow\model\FlowTask.hbm.xml
flowTask,FlowTaskUser.java,powerstone\\src\\org\\powerstone\\workflow\\model\\FlowTaskUser.java,select task from FlowTaskUser tu join tu.flowTask task join tu.flowTask.flowNodeBinding.flowDeploy.workflowMeta.businessType bt where tu.userID = ? and bt.typeID = ? and task.taskState in(?) order by task.overTime desc,218,FlowTask.hbm.xml,powerstone\src\org\powerstone\workflow\model\FlowTask.hbm.xml
flowTask,FlowTaskUser.java,powerstone\\src\\org\\powerstone\\workflow\\model\\FlowTaskUser.java,select task from FlowTaskUser tu join tu.flowTask task where task.taskState in (?) and tu.userID = ?,194,FlowTask.hbm.xml,powerstone\src\org\powerstone\workflow\model\FlowTask.hbm.xml
flowTask,FlowTaskUser.java,powerstone\\src\\org\\powerstone\\workflow\\model\\FlowTaskUser.java,select ftu from FlowTaskUser ftu inner join ftu.flowTask ft where ftu.userID = ? and ft.taskID = ?,54,FlowTaskUser.hbm.xml,powerstone\src\org\powerstone\workflow\model\FlowTaskUser.hbm.xml
flowTask,FlowTaskUser.java,powerstone\\src\\org\\powerstone\\workflow\\model\\FlowTaskUser.java,select bt.typeID*count(*) from FlowTaskUser tu join tu.flowTask task join tu.flowTask.flowNodeBinding.flowDeploy.workflowMeta.businessType bt where tu.userID = ? and task.taskState= ? group by bt,200,FlowTask.hbm.xml,powerstone\src\org\powerstone\workflow\model\FlowTask.hbm.xml
flowTask,FlowTaskUser.java,powerstone\\src\\org\\powerstone\\workflow\\model\\FlowTaskUser.java,"name=""flowTask""",38,FlowTaskUser.hbm.xml,powerstone\src\org\powerstone\workflow\model\FlowTaskUser.hbm.xml
flowTask,FlowTaskUser.java,powerstone\\src\\org\\powerstone\\workflow\\model\\FlowTaskUser.java,select count(*) from FlowTaskUser tu join tu.flowTask task join tu.flowTask.flowNodeBinding.flowDeploy.workflowMeta.businessType bt where tu.userID = ? and task.taskState in(?*?) and bt.typeID = ?,206,FlowTask.hbm.xml,powerstone\src\org\powerstone\workflow\model\FlowTask.hbm.xml
flowTask,NewTask.java,powerstone\\src\\org\\powerstone\\workflow\\model\\NewTask.java,select count(*) from NewTask nt join nt.flowTask task join task.flowNodeBinding.flowDeploy.workflowMeta.businessType bt where nt.taskCandidateUserID = ? and task.taskState in(?) and bt.typeID = ?,203,FlowTask.hbm.xml,powerstone\src\org\powerstone\workflow\model\FlowTask.hbm.xml
flowTask,NewTask.java,powerstone\\src\\org\\powerstone\\workflow\\model\\NewTask.java,select bt.typeID*count(*) from NewTask nt join nt.flowTask task join task.flowNodeBinding.flowDeploy.workflowMeta.businessType bt where nt.taskCandidateUserID = ? and task.taskState in (?) group by bt,179,FlowTask.hbm.xml,powerstone\src\org\powerstone\workflow\model\FlowTask.hbm.xml
flowTask,NewTask.java,powerstone\\src\\org\\powerstone\\workflow\\model\\NewTask.java,"name=""flowTask""",30,NewTask.hbm.xml,powerstone\src\org\powerstone\workflow\model\NewTask.hbm.xml
flowTask,NewTask.java,powerstone\\src\\org\\powerstone\\workflow\\model\\NewTask.java,select task from NewTask nt join nt.flowTask task join task.flowNodeBinding.flowDeploy.workflowMeta.businessType bt where nt.taskCandidateUserID = ? and bt.typeID = ? and task.taskState in(?) order by task.createTime desc,209,FlowTask.hbm.xml,powerstone\src\org\powerstone\workflow\model\FlowTask.hbm.xml
flowTask,FlowTaskRefuse.java,powerstone\\src\\org\\powerstone\\workflow\\model\\FlowTaskRefuse.java,"name=""flowTask""",46,FlowTaskRefuse.hbm.xml,powerstone\src\org\powerstone\workflow\model\FlowTaskRefuse.hbm.xml
pageSize,UserGroupController.java,powerstone\\src\\org\\powerstone\\ca\\web\\UserGroupController.java,"<property name=""pageSize"">",97,user_group-servlet.xml,powerstone\web\WEB-INF\user_group-servlet.xml
paramName,WFDriverInputParam.java,powerstone\\src\\org\\powerstone\\workflow\\model\\WFDriverInputParam.java,"<spring:bind path=""driverInput.paramName"">",41,driverInputForm.jsp,powerstone\web\WEB-INF\views\flow_driver\driverInputForm.jsp
paramName,WFDriverInputParam.java,powerstone\\src\\org\\powerstone\\workflow\\model\\WFDriverInputParam.java,"<td><c:out value=""${theInputParam.paramName}""/>(<c:out value=""${theInputParam.paramAlias}""/>)",28,seeDriverDetail.jsp,powerstone\web\WEB-INF\views\flow_driver\seeDriverDetail.jsp
paramName,WFDriverInputParam.java,powerstone\\src\\org\\powerstone\\workflow\\model\\WFDriverInputParam.java,"<th><fmt:message key=""driver.paramName""/>:</th>",48,driverInputForm.jsp,powerstone\web\WEB-INF\views\flow_driver\driverInputForm.jsp
paramName,WFDriverInputParam.java,powerstone\\src\\org\\powerstone\\workflow\\model\\WFDriverInputParam.java,"name=""paramName""",30,WFDriverInputParam.hbm.xml,powerstone\src\org\powerstone\workflow\model\WFDriverInputParam.hbm.xml
paramName,WFDriverInputParam.java,powerstone\\src\\org\\powerstone\\workflow\\model\\WFDriverInputParam.java,"<field property=""paramName"" depends=""required*mask"">",143,validation.xml,powerstone\web\WEB-INF\validation.xml
paramName,WFDriverOutputParam.java,powerstone\\src\\org\\powerstone\\workflow\\model\\WFDriverOutputParam.java,"<spring:bind path=""driverOutput.paramName"">",41,driverOutputForm.jsp,powerstone\web\WEB-INF\views\flow_driver\driverOutputForm.jsp
paramName,WFDriverOutputParam.java,powerstone\\src\\org\\powerstone\\workflow\\model\\WFDriverOutputParam.java,"name=""paramName""",30,WFDriverOutputParam.hbm.xml,powerstone\src\org\powerstone\workflow\model\WFDriverOutputParam.hbm.xml
paramName,WFDriverOutputParam.java,powerstone\\src\\org\\powerstone\\workflow\\model\\WFDriverOutputParam.java,"<th><fmt:message key=""driver.paramName""/>:</th>",48,driverOutputForm.jsp,powerstone\web\WEB-INF\views\flow_driver\driverOutputForm.jsp
paramName,WFDriverOutputParam.java,powerstone\\src\\org\\powerstone\\workflow\\model\\WFDriverOutputParam.java,"<td><c:out value=""${theOutputParam.paramName}""/>(<c:out value=""${theOutputParam.paramAlias}""/>)",53,seeDriverDetail.jsp,powerstone\web\WEB-INF\views\flow_driver\seeDriverDetail.jsp
paramName,WFDriverOutputParam.java,powerstone\\src\\org\\powerstone\\workflow\\model\\WFDriverOutputParam.java,"<field property=""paramName"" depends=""required*mask"">",155,validation.xml,powerstone\web\WEB-INF\validation.xml
caDelegater,FlowDeployManagerImpl.java,powerstone\\src\\org\\powerstone\\workflow\\service\\impl\\FlowDeployManagerImpl.java,"<property name=""caDelegater"">",109,workflow_service_context.xml,powerstone\web\WEB-INF\workflow_service_context.xml
caDelegater,MyPassFormController.java,powerstone\\src\\org\\powerstone\\ca\\web\\MyPassFormController.java,"<property name=""caDelegater"">",237,user_group-servlet.xml,powerstone\web\WEB-INF\user_group-servlet.xml
caDelegater,FlowPerformerController.java,powerstone\\src\\org\\powerstone\\workflow\\web\\FlowPerformerController.java,"<property name=""caDelegater""><ref bean=""caDelegater""/></property>",19,flow_performer-servlet.xml,powerstone\web\WEB-INF\flow_performer-servlet.xml
caDelegater,WorkListController.java,powerstone\\src\\org\\powerstone\\workflow\\web\\WorkListController.java,"<property name=""caDelegater""><ref bean=""caDelegater""/></property>",32,work_list-servlet.xml,powerstone\web\WEB-INF\work_list-servlet.xml
caDelegater,FlowTaskManagerImpl.java,powerstone\\src\\org\\powerstone\\workflow\\service\\impl\\FlowTaskManagerImpl.java,"<property name=""caDelegater""><ref bean=""caDelegater""/></property>",50,workflow_engine_context.xml,powerstone\web\WEB-INF\workflow_engine_context.xml
caDelegater,MyInfoFormController.java,powerstone\\src\\org\\powerstone\\ca\\web\\MyInfoFormController.java,"<property name=""caDelegater"">",203,user_group-servlet.xml,powerstone\web\WEB-INF\user_group-servlet.xml
paramAlias,WFDriverInputParam.java,powerstone\\src\\org\\powerstone\\workflow\\model\\WFDriverInputParam.java,"<spring:bind path=""driverInput.paramAlias"">",50,driverInputForm.jsp,powerstone\web\WEB-INF\views\flow_driver\driverInputForm.jsp
paramAlias,WFDriverInputParam.java,powerstone\\src\\org\\powerstone\\workflow\\model\\WFDriverInputParam.java,"name=""paramAlias""",46,WFDriverInputParam.hbm.xml,powerstone\src\org\powerstone\workflow\model\WFDriverInputParam.hbm.xml
paramAlias,WFDriverInputParam.java,powerstone\\src\\org\\powerstone\\workflow\\model\\WFDriverInputParam.java,"<td><c:out value=""${theInputParam.paramName}""/>(<c:out value=""${theInputParam.paramAlias}""/>)",28,seeDriverDetail.jsp,powerstone\web\WEB-INF\views\flow_driver\seeDriverDetail.jsp
paramAlias,WFDriverInputParam.java,powerstone\\src\\org\\powerstone\\workflow\\model\\WFDriverInputParam.java,"<field property=""paramAlias"" depends=""required"">",150,validation.xml,powerstone\web\WEB-INF\validation.xml
paramAlias,WFDriverOutputParam.java,powerstone\\src\\org\\powerstone\\workflow\\model\\WFDriverOutputParam.java,"<td><c:out value=""${theOutputParam.paramName}""/>(<c:out value=""${theOutputParam.paramAlias}""/>)",53,seeDriverDetail.jsp,powerstone\web\WEB-INF\views\flow_driver\seeDriverDetail.jsp
paramAlias,WFDriverOutputParam.java,powerstone\\src\\org\\powerstone\\workflow\\model\\WFDriverOutputParam.java,"name=""paramAlias""",38,WFDriverOutputParam.hbm.xml,powerstone\src\org\powerstone\workflow\model\WFDriverOutputParam.hbm.xml
paramAlias,WFDriverOutputParam.java,powerstone\\src\\org\\powerstone\\workflow\\model\\WFDriverOutputParam.java,"<spring:bind path=""driverOutput.paramAlias"">",50,driverOutputForm.jsp,powerstone\web\WEB-INF\views\flow_driver\driverOutputForm.jsp
paramAlias,WFDriverOutputParam.java,powerstone\\src\\org\\powerstone\\workflow\\model\\WFDriverOutputParam.java,"<field property=""paramAlias"" depends=""required"">",162,validation.xml,powerstone\web\WEB-INF\validation.xml
flowMetaManager,WorkflowEngineImpl.java,powerstone\\src\\org\\powerstone\\workflow\\service\\impl\\WorkflowEngineImpl.java,"<property name=""flowMetaManager""><ref bean=""flowMetaManager""/></property>",28,workflow_engine_context.xml,powerstone\web\WEB-INF\workflow_engine_context.xml
flowMetaManager,FlowProcManagerImpl.java,powerstone\\src\\org\\powerstone\\workflow\\service\\impl\\FlowProcManagerImpl.java,"<property name=""flowMetaManager""><ref bean=""flowMetaManager""/></property>",39,workflow_engine_context.xml,powerstone\web\WEB-INF\workflow_engine_context.xml
flowMetaManager,FlowTaskManagerImpl.java,powerstone\\src\\org\\powerstone\\workflow\\service\\impl\\FlowTaskManagerImpl.java,"<property name=""flowMetaManager""><ref bean=""flowMetaManager""/></property>",53,workflow_engine_context.xml,powerstone\web\WEB-INF\workflow_engine_context.xml
flowMetaManager,WorkListController.java,powerstone\\src\\org\\powerstone\\workflow\\web\\WorkListController.java,"<property name=""flowMetaManager""><ref bean=""flowMetaManager""/></property>",33,work_list-servlet.xml,powerstone\web\WEB-INF\work_list-servlet.xml
flowMetaManager,FlowMetaController.java,powerstone\\src\\org\\powerstone\\workflow\\web\\FlowMetaController.java,"<property name=""flowMetaManager""><ref bean=""flowMetaManager""/></property>",27,flow_meta-servlet.xml,powerstone\web\WEB-INF\flow_meta-servlet.xml
flowMetaManager,FlowPerformerController.java,powerstone\\src\\org\\powerstone\\workflow\\web\\FlowPerformerController.java,"<property name=""flowMetaManager""><ref bean=""flowMetaManager""/></property>",20,flow_performer-servlet.xml,powerstone\web\WEB-INF\flow_performer-servlet.xml
flowMetaManager,FlowDeployFormController.java,powerstone\\src\\org\\powerstone\\workflow\\web\\FlowDeployFormController.java,"<property name=""flowMetaManager""><ref bean=""flowMetaManager""/></property>",66,flow_deploy-servlet.xml,powerstone\web\WEB-INF\flow_deploy-servlet.xml
flowMetaManager,BusinessTypeController.java,powerstone\\src\\org\\powerstone\\workflow\\web\\BusinessTypeController.java,"<property name=""flowMetaManager""><ref bean=""flowMetaManager""/></property>",39,business_type-servlet.xml,powerstone\web\WEB-INF\business_type-servlet.xml
flowMetaManager,FlowDeployController.java,powerstone\\src\\org\\powerstone\\workflow\\web\\FlowDeployController.java,"<property name=""flowMetaManager""><ref bean=""flowMetaManager""/></property>",41,flow_deploy-servlet.xml,powerstone\web\WEB-INF\flow_deploy-servlet.xml
workflowDriverManager,DriverOutputFormController.java,powerstone\\src\\org\\powerstone\\workflow\\web\\DriverOutputFormController.java,"<property name=""workflowDriverManager""><ref bean=""workflowDriverManager""/></property>",84,flow_driver-servlet.xml,powerstone\web\WEB-INF\flow_driver-servlet.xml
workflowDriverManager,DriverOutputEnumeFormController.java,powerstone\\src\\org\\powerstone\\workflow\\web\\DriverOutputEnumeFormController.java,"<property name=""workflowDriverManager""><ref bean=""workflowDriverManager""/></property>",91,flow_driver-servlet.xml,powerstone\web\WEB-INF\flow_driver-servlet.xml
workflowDriverManager,FlowDeployManagerImpl.java,powerstone\\src\\org\\powerstone\\workflow\\service\\impl\\FlowDeployManagerImpl.java,"<property name=""workflowDriverManager"">",106,workflow_service_context.xml,powerstone\web\WEB-INF\workflow_service_context.xml
workflowDriverManager,DriverFormController.java,powerstone\\src\\org\\powerstone\\workflow\\web\\DriverFormController.java,"<property name=""workflowDriverManager""><ref bean=""workflowDriverManager""/></property>",70,flow_driver-servlet.xml,powerstone\web\WEB-INF\flow_driver-servlet.xml
workflowDriverManager,DriverInputFormController.java,powerstone\\src\\org\\powerstone\\workflow\\web\\DriverInputFormController.java,"<property name=""workflowDriverManager""><ref bean=""workflowDriverManager""/></property>",77,flow_driver-servlet.xml,powerstone\web\WEB-INF\flow_driver-servlet.xml
workflowDriverManager,WorkflowDriverController.java,powerstone\\src\\org\\powerstone\\workflow\\web\\WorkflowDriverController.java,"<property name=""workflowDriverManager""><ref bean=""workflowDriverManager""/></property>",46,flow_driver-servlet.xml,powerstone\web\WEB-INF\flow_driver-servlet.xml
groupManager,RoleManageController.java,powerstone\\src\\org\\powerstone\\ca\\web\\RoleManageController.java,"<property name=""groupManager""><ref bean=""groupManager""/></property>",44,role_manage-servlet.xml,powerstone\web\WEB-INF\role_manage-servlet.xml
groupManager,RoleManageController.java,powerstone\\src\\org\\powerstone\\ca\\web\\RoleManageController.java,"<property name=""groupManager""><ref bean=""groupManager""/></property>",44,role_manage-servlet.xml,powerstone\web\WEB-INF\role_manage-servlet.xml
groupManager,CADelegaterImpl.java,powerstone\\src\\org\\powerstone\\ca\\service\\impl\\CADelegaterImpl.java,"<property name=""groupManager""><ref local=""groupManager""/></property>",65,workflow_ca_context.xml,powerstone\web\WEB-INF\workflow_ca_context.xml
groupManager,UserGroupController.java,powerstone\\src\\org\\powerstone\\ca\\web\\UserGroupController.java,"<property name=""groupManager"">",88,user_group-servlet.xml,powerstone\web\WEB-INF\user_group-servlet.xml
groupManager,UserFormController.java,powerstone\\src\\org\\powerstone\\ca\\web\\UserFormController.java,"<property name=""groupManager"">",186,user_group-servlet.xml,powerstone\web\WEB-INF\user_group-servlet.xml
flowDeployManager,FlowPerformerController.java,powerstone\\src\\org\\powerstone\\workflow\\web\\FlowPerformerController.java,"<property name=""flowDeployManager""><ref bean=""flowDeployManager""/></property>",18,flow_performer-servlet.xml,powerstone\web\WEB-INF\flow_performer-servlet.xml
flowDeployManager,WorkListController.java,powerstone\\src\\org\\powerstone\\workflow\\web\\WorkListController.java,"<property name=""flowDeployManager""><ref bean=""flowDeployManager""/></property>",34,work_list-servlet.xml,powerstone\web\WEB-INF\work_list-servlet.xml
flowDeployManager,FlowDeployController.java,powerstone\\src\\org\\powerstone\\workflow\\web\\FlowDeployController.java,"<property name=""flowDeployManager""><ref bean=""flowDeployManager""/></property>",40,flow_deploy-servlet.xml,powerstone\web\WEB-INF\flow_deploy-servlet.xml
flowDeployManager,FlowDeployFormController.java,powerstone\\src\\org\\powerstone\\workflow\\web\\FlowDeployFormController.java,"<property name=""flowDeployManager""><ref bean=""flowDeployManager""/></property>",65,flow_deploy-servlet.xml,powerstone\web\WEB-INF\flow_deploy-servlet.xml
privilege,UserRight.java,powerstone\\src\\org\\powerstone\\ca\\model\\UserRight.java,select ur from UserRight as ur where ur.user.id = ? and ur.resource.id = ? and ur.privilege = ?,189,User.hbm.xml,powerstone\src\org\powerstone\ca\model\User.hbm.xml
privilege,UserRight.java,powerstone\\src\\org\\powerstone\\ca\\model\\UserRight.java,"name=""privilege""",45,UserRight.hbm.xml,powerstone\src\org\powerstone\ca\model\UserRight.hbm.xml
privilege,GroupRight.java,powerstone\\src\\org\\powerstone\\ca\\model\\GroupRight.java,"name=""privilege""",46,GroupRight.hbm.xml,powerstone\src\org\powerstone\ca\model\GroupRight.hbm.xml
privilege,GroupRight.java,powerstone\\src\\org\\powerstone\\ca\\model\\GroupRight.java,select gr from GroupRight as gr where gr.group.groupID = ? and gr.resource.id = ? and gr.privilege = ?,121,Group.hbm.xml,powerstone\src\org\powerstone\ca\model\Group.hbm.xml
privilege,RoleRight.java,powerstone\\src\\org\\powerstone\\ca\\model\\RoleRight.java,"name=""privilege""",30,RoleRight.hbm.xml,powerstone\src\org\powerstone\ca\model\RoleRight.hbm.xml
privilege,RoleRight.java,powerstone\\src\\org\\powerstone\\ca\\model\\RoleRight.java,select rr from RoleRight as rr where rr.role.roleID = ? and rr.resource.id = ? and rr.privilege = ?,96,Role.hbm.xml,powerstone\src\org\powerstone\ca\model\Role.hbm.xml
resourceManager,ResourceManageController.java,powerstone\\src\\org\\powerstone\\ca\\web\\ResourceManageController.java,"<property name=""resourceManager""><ref bean=""resourceManager""/></property>",40,resource_manage-servlet.xml,powerstone\web\WEB-INF\resource_manage-servlet.xml
resourceManager,PrivilegeManageController.java,powerstone\\src\\org\\powerstone\\ca\\web\\PrivilegeManageController.java,"<property name=""resourceManager""><ref bean=""resourceManager""/></property>",32,privilege_manage-servlet.xml,powerstone\web\WEB-INF\privilege_manage-servlet.xml
resourceManager,RoleManagerImpl.java,powerstone\\src\\org\\powerstone\\ca\\service\\impl\\RoleManagerImpl.java,"<property name=""resourceManager""><ref local=""resourceManager""/></property>",42,workflow_ca_context.xml,powerstone\web\WEB-INF\workflow_ca_context.xml
resourceManager,ResourceFormController.java,powerstone\\src\\org\\powerstone\\ca\\web\\ResourceFormController.java,"<property name=""resourceManager""><ref bean=""resourceManager""/></property>",61,resource_manage-servlet.xml,powerstone\web\WEB-INF\resource_manage-servlet.xml
resourceManager,WebModuleFormController.java,powerstone\\src\\org\\powerstone\\ca\\web\\WebModuleFormController.java,"<property name=""resourceManager""><ref bean=""resourceManager""/></property>",69,resource_manage-servlet.xml,powerstone\web\WEB-INF\resource_manage-servlet.xml
resourceManager,UserManagerImpl.java,powerstone\\src\\org\\powerstone\\ca\\service\\impl\\UserManagerImpl.java,"<property name=""resourceManager""><ref local=""resourceManager""/></property>",25,workflow_ca_context.xml,powerstone\web\WEB-INF\workflow_ca_context.xml
userCache,AcegiCacheManager.java,powerstone\\src\\org\\powerstone\\acegi\\cache\\AcegiCacheManager.java,"<property name=""userCache"" ref=""userCache"" />",354,acegi_context.xml,powerstone\web\WEB-INF\acegi_context.xml
userCache,InCacheDaoImpl.java,powerstone\\src\\org\\powerstone\\acegi\\InCacheDaoImpl.java,"<property name=""userCache"" ref=""userCache"" />",281,acegi_context.xml,powerstone\web\WEB-INF\acegi_context.xml
workflowDriver,WFDriverOutputParam.java,powerstone\\src\\org\\powerstone\\workflow\\model\\WFDriverOutputParam.java,"name=""workflowDriver""",46,WFDriverOutputParam.hbm.xml,powerstone\src\org\powerstone\workflow\model\WFDriverOutputParam.hbm.xml
workflowDriver,WFDriverInputParam.java,powerstone\\src\\org\\powerstone\\workflow\\model\\WFDriverInputParam.java,"name=""workflowDriver""",38,WFDriverInputParam.hbm.xml,powerstone\src\org\powerstone\workflow\model\WFDriverInputParam.hbm.xml
workflowDriver,FlowNodeBinding.java,powerstone\\src\\org\\powerstone\\workflow\\model\\FlowNodeBinding.java,select fnb from FlowNodeBinding fnb inner join fnb.workflowDriver wfd where wfd.flowDriverID = ?,146,FlowNodeBinding.hbm.xml,powerstone\src\org\powerstone\workflow\model\FlowNodeBinding.hbm.xml
workflowDriver,FlowNodeBinding.java,powerstone\\src\\org\\powerstone\\workflow\\model\\FlowNodeBinding.java,"name=""workflowDriver""",62,FlowNodeBinding.hbm.xml,powerstone\src\org\powerstone\workflow\model\FlowNodeBinding.hbm.xml
flowTaskManager,FlowMonitorController.java,powerstone\\src\\org\\powerstone\\workflow\\web\\FlowMonitorController.java,"<property name=""flowTaskManager""><ref bean=""flowTaskManager""/></property>",17,flow_monitor-servlet.xml,powerstone\web\WEB-INF\flow_monitor-servlet.xml
flowTaskManager,WorkListController.java,powerstone\\src\\org\\powerstone\\workflow\\web\\WorkListController.java,"<property name=""flowTaskManager""><ref bean=""flowTaskManager""/></property>",31,work_list-servlet.xml,powerstone\web\WEB-INF\work_list-servlet.xml
rights,Role.java,powerstone\\src\\org\\powerstone\\ca\\model\\Role.java,"name=""rights""",65,Role.hbm.xml,powerstone\src\org\powerstone\ca\model\Role.hbm.xml
rights,Role.java,powerstone\\src\\org\\powerstone\\ca\\model\\Role.java,select r from Role as r left join r.rights as rr where rr.resource.id = ?,99,Role.hbm.xml,powerstone\src\org\powerstone\ca\model\Role.hbm.xml
rights,User.java,powerstone\\src\\org\\powerstone\\ca\\model\\User.java,select u from User as u left join u.rights as ur where ur.resource.id = ?,186,User.hbm.xml,powerstone\src\org\powerstone\ca\model\User.hbm.xml
rights,User.java,powerstone\\src\\org\\powerstone\\ca\\model\\User.java,"name=""rights""",126,User.hbm.xml,powerstone\src\org\powerstone\ca\model\User.hbm.xml
rights,Group.java,powerstone\\src\\org\\powerstone\\ca\\model\\Group.java,select g from Group as g left join g.rights as gr where gr.resource.id = ?,124,Group.hbm.xml,powerstone\src\org\powerstone\ca\model\Group.hbm.xml
rights,Group.java,powerstone\\src\\org\\powerstone\\ca\\model\\Group.java,"name=""rights""",73,Group.hbm.xml,powerstone\src\org\powerstone\ca\model\Group.hbm.xml
flowProcTransaction,FlowTask.java,powerstone\\src\\org\\powerstone\\workflow\\model\\FlowTask.java,select task from FlowTask task join task.flowNodeBinding node join task.flowProcTransaction.flowProc flowProc where node.flowNodeID = ? and flowProc.flowProcID = ?,221,FlowTask.hbm.xml,powerstone\src\org\powerstone\workflow\model\FlowTask.hbm.xml
flowProcTransaction,FlowTask.java,powerstone\\src\\org\\powerstone\\workflow\\model\\FlowTask.java,"name=""flowProcTransaction""",60,FlowTask.hbm.xml,powerstone\src\org\powerstone\workflow\model\FlowTask.hbm.xml
flowProcTransaction,FlowTask.java,powerstone\\src\\org\\powerstone\\workflow\\model\\FlowTask.java,select task from FlowTask task join task.flowProcTransaction.flowProc flowProc where flowProc.flowProcID = ?,224,FlowTask.hbm.xml,powerstone\src\org\powerstone\workflow\model\FlowTask.hbm.xml
flowProcTransaction,FlowTask.java,powerstone\\src\\org\\powerstone\\workflow\\model\\FlowTask.java,select theFP from FlowProc theFP where theFP.flowProcID in (select fp.flowProcID from FlowTask ft join ft.flowProcTransaction.flowProc fp where fp.flowDeploy.flowDeployID = ? and ft.taskState not in (?) group by fp having count(ft) >0),121,FlowProc.hbm.xml,powerstone\src\org\powerstone\workflow\model\FlowProc.hbm.xml
flowProcTransaction,FlowProcTransition.java,powerstone\\src\\org\\powerstone\\workflow\\model\\FlowProcTransition.java,"name=""flowProcTransaction""",54,FlowProcTransition.hbm.xml,powerstone\src\org\powerstone\workflow\model\FlowProcTransition.hbm.xml
roleManager,RoleManageController.java,powerstone\\src\\org\\powerstone\\ca\\web\\RoleManageController.java,"<property name=""roleManager""><ref bean=""roleManager""/></property>",43,role_manage-servlet.xml,powerstone\web\WEB-INF\role_manage-servlet.xml
roleManager,RoleFormController.java,powerstone\\src\\org\\powerstone\\ca\\web\\RoleFormController.java,"<property name=""roleManager""><ref bean=""roleManager""/></property>",70,role_manage-servlet.xml,powerstone\web\WEB-INF\role_manage-servlet.xml
roleManager,CADelegaterImpl.java,powerstone\\src\\org\\powerstone\\ca\\service\\impl\\CADelegaterImpl.java,"<property name=""roleManager""><ref local=""roleManager""/></property>",66,workflow_ca_context.xml,powerstone\web\WEB-INF\workflow_ca_context.xml
roleManager,PrivilegeManageController.java,powerstone\\src\\org\\powerstone\\ca\\web\\PrivilegeManageController.java,"<property name=""roleManager""><ref bean=""roleManager""/></property>",33,privilege_manage-servlet.xml,powerstone\web\WEB-INF\privilege_manage-servlet.xml
flowProcManager,FlowMonitorController.java,powerstone\\src\\org\\powerstone\\workflow\\web\\FlowMonitorController.java,"<property name=""flowProcManager""><ref bean=""flowProcManager""/></property>",16,flow_monitor-servlet.xml,powerstone\web\WEB-INF\flow_monitor-servlet.xml
flowProcManager,FlowTaskManagerImpl.java,powerstone\\src\\org\\powerstone\\workflow\\service\\impl\\FlowTaskManagerImpl.java,"<property name=""flowProcManager""><ref local=""flowProcManager""/></property>",49,workflow_engine_context.xml,powerstone\web\WEB-INF\workflow_engine_context.xml
businessTypeManager,FlowTaskManagerImpl.java,powerstone\\src\\org\\powerstone\\workflow\\service\\impl\\FlowTaskManagerImpl.java,"<property name=""businessTypeManager""><ref bean=""businessTypeManager""/></property>",52,workflow_engine_context.xml,powerstone\web\WEB-INF\workflow_engine_context.xml
businessTypeManager,BusinessTypeFormController.java,powerstone\\src\\org\\powerstone\\workflow\\web\\BusinessTypeFormController.java,"<property name=""businessTypeManager""><ref bean=""businessTypeManager""/></property>",62,business_type-servlet.xml,powerstone\web\WEB-INF\business_type-servlet.xml
businessTypeManager,BusinessTypeController.java,powerstone\\src\\org\\powerstone\\workflow\\web\\BusinessTypeController.java,"<property name=""businessTypeManager""><ref bean=""businessTypeManager""/></property>",40,business_type-servlet.xml,powerstone\web\WEB-INF\business_type-servlet.xml
acegiCacheManager,PrivilegeManageController.java,powerstone\\src\\org\\powerstone\\ca\\web\\PrivilegeManageController.java,"<property name=""acegiCacheManager""><ref bean=""acegiCacheManager""/></property>",35,privilege_manage-servlet.xml,powerstone\web\WEB-INF\privilege_manage-servlet.xml
acegiCacheManager,CacheBaseUrlDefinitionSource.java,powerstone\\src\\org\\powerstone\\acegi\\intercept\\web\\CacheBaseUrlDefinitionSource.java,"<property name=""acegiCacheManager"" ref=""acegiCacheManager"" />",267,acegi_context.xml,powerstone\web\WEB-INF\acegi_context.xml
flowDeployDAO,FlowDeployManagerImpl.java,powerstone\\src\\org\\powerstone\\workflow\\service\\impl\\FlowDeployManagerImpl.java,"<property name=""flowDeployDAO"">",103,workflow_service_context.xml,powerstone\web\WEB-INF\workflow_service_context.xml
createTime,FlowTask.java,powerstone\\src\\org\\powerstone\\workflow\\model\\FlowTask.java,select task from NewTask nt join nt.flowTask task join task.flowNodeBinding.flowDeploy.workflowMeta.businessType bt where nt.taskCandidateUserID = ? and bt.typeID = ? and task.taskState in(?) order by task.createTime desc,209,FlowTask.hbm.xml,powerstone\src\org\powerstone\workflow\model\FlowTask.hbm.xml
createTime,FlowTask.java,powerstone\\src\\org\\powerstone\\workflow\\model\\FlowTask.java,"name=""createTime""",38,FlowTask.hbm.xml,powerstone\src\org\powerstone\workflow\model\FlowTask.hbm.xml
createTime,FlowDeploy.java,powerstone\\src\\org\\powerstone\\workflow\\model\\FlowDeploy.java,"name=""createTime""",38,FlowDeploy.hbm.xml,powerstone\src\org\powerstone\workflow\model\FlowDeploy.hbm.xml
flowProcessID,WorkflowMeta.java,powerstone\\src\\org\\powerstone\\workflow\\model\\WorkflowMeta.java,"name=""flowProcessID""",73,WorkflowMeta.hbm.xml,powerstone\src\org\powerstone\workflow\model\WorkflowMeta.hbm.xml
flowProcessID,WorkflowMeta.java,powerstone\\src\\org\\powerstone\\workflow\\model\\WorkflowMeta.java,"<fmt:message key=""flowMeta.process_id""/><c:out value=""${workflowMeta.flowProcessID}""/>",172,seeFlowMeta.jsp,powerstone\web\WEB-INF\views\flow_meta\seeFlowMeta.jsp
flowProcessID,WorkflowMeta.java,powerstone\\src\\org\\powerstone\\workflow\\model\\WorkflowMeta.java,from WorkflowMeta wm WHERE wm.flowProcessID = ?,101,WorkflowMeta.hbm.xml,powerstone\src\org\powerstone\workflow\model\WorkflowMeta.hbm.xml
flowFileID,FlowMetaFileStore.java,powerstone\\src\\org\\powerstone\\workflow\\model\\FlowMetaFileStore.java,"name=""flowFileID""",15,FlowMetaFileStore.hbm.xml,powerstone\src\org\powerstone\workflow\model\FlowMetaFileStore.hbm.xml
flowFileID,FlowMetaFile.java,powerstone\\src\\org\\powerstone\\workflow\\model\\FlowMetaFile.java,"name=""flowFileID""",15,FlowMetaFile.hbm.xml,powerstone\src\org\powerstone\workflow\model\FlowMetaFile.hbm.xml
flowFileID,FlowMetaFile.java,powerstone\\src\\org\\powerstone\\workflow\\model\\FlowMetaFile.java,from FlowMetaFile fmf order by fmf.flowFileID asc,62,FlowMetaFile.hbm.xml,powerstone\src\org\powerstone\workflow\model\FlowMetaFile.hbm.xml
startTime,FlowTask.java,powerstone\\src\\org\\powerstone\\workflow\\model\\FlowTask.java,"name=""startTime""",46,FlowTask.hbm.xml,powerstone\src\org\powerstone\workflow\model\FlowTask.hbm.xml
startTime,FlowTask.java,powerstone\\src\\org\\powerstone\\workflow\\model\\FlowTask.java,select task from FlowTaskUser tu join tu.flowTask task join tu.flowTask.flowNodeBinding.flowDeploy.workflowMeta.businessType bt where tu.userID = ? and bt.typeID = ? and task.taskState in(?*?) order by task.startTime desc,212,FlowTask.hbm.xml,powerstone\src\org\powerstone\workflow\model\FlowTask.hbm.xml
startTime,FlowProc.java,powerstone\\src\\org\\powerstone\\workflow\\model\\FlowProc.java,"name=""startTime""",38,FlowProc.hbm.xml,powerstone\src\org\powerstone\workflow\model\FlowProc.hbm.xml
inheritable,GroupRight.java,powerstone\\src\\org\\powerstone\\ca\\model\\GroupRight.java,"name=""inheritable""",54,GroupRight.hbm.xml,powerstone\src\org\powerstone\ca\model\GroupRight.hbm.xml
inheritable,UserRight.java,powerstone\\src\\org\\powerstone\\ca\\model\\UserRight.java,"name=""inheritable""",30,UserRight.hbm.xml,powerstone\src\org\powerstone\ca\model\UserRight.hbm.xml
inheritable,RoleRight.java,powerstone\\src\\org\\powerstone\\ca\\model\\RoleRight.java,"name=""inheritable""",38,RoleRight.hbm.xml,powerstone\src\org\powerstone\ca\model\RoleRight.hbm.xml
deployManager,FlowTaskManagerImpl.java,powerstone\\src\\org\\powerstone\\workflow\\service\\impl\\FlowTaskManagerImpl.java,"<property name=""deployManager""><ref bean=""flowDeployManager""/></property>",51,workflow_engine_context.xml,powerstone\web\WEB-INF\workflow_engine_context.xml
deployManager,WorkflowEngineImpl.java,powerstone\\src\\org\\powerstone\\workflow\\service\\impl\\WorkflowEngineImpl.java,"<property name=""deployManager""><ref bean=""flowDeployManager""/></property>",27,workflow_engine_context.xml,powerstone\web\WEB-INF\workflow_engine_context.xml
deployManager,FlowProcManagerImpl.java,powerstone\\src\\org\\powerstone\\workflow\\service\\impl\\FlowProcManagerImpl.java,"<property name=""deployManager""><ref bean=""flowDeployManager""/></property>",38,workflow_engine_context.xml,powerstone\web\WEB-INF\workflow_engine_context.xml
rightID,RoleRight.java,powerstone\\src\\org\\powerstone\\ca\\model\\RoleRight.java,"name=""rightID""",15,RoleRight.hbm.xml,powerstone\src\org\powerstone\ca\model\RoleRight.hbm.xml
rightID,UserRight.java,powerstone\\src\\org\\powerstone\\ca\\model\\UserRight.java,"name=""rightID""",15,UserRight.hbm.xml,powerstone\src\org\powerstone\ca\model\UserRight.hbm.xml
rightID,GroupRight.java,powerstone\\src\\org\\powerstone\\ca\\model\\GroupRight.java,"name=""rightID""",15,GroupRight.hbm.xml,powerstone\src\org\powerstone\ca\model\GroupRight.hbm.xml
paramBindingID,FlowNodeOutputParamBinding.java,powerstone\\src\\org\\powerstone\\workflow\\model\\FlowNodeOutputParamBinding.java,"name=""paramBindingID""",15,FlowNodeOutputParamBinding.hbm.xml,powerstone\src\org\powerstone\workflow\model\FlowNodeOutputParamBinding.hbm.xml
paramBindingID,FlowNodeInputParamBinding.java,powerstone\\src\\org\\powerstone\\workflow\\model\\FlowNodeInputParamBinding.java,"name=""paramBindingID""",15,FlowNodeInputParamBinding.hbm.xml,powerstone\src\org\powerstone\workflow\model\FlowNodeInputParamBinding.hbm.xml
authenticate,UserGroupController.java,powerstone\\src\\org\\powerstone\\ca\\web\\UserGroupController.java,"<property name=""authenticate"">",94,user_group-servlet.xml,powerstone\web\WEB-INF\user_group-servlet.xml
authenticate,CADelegaterImpl.java,powerstone\\src\\org\\powerstone\\ca\\service\\impl\\CADelegaterImpl.java,"<property name=""authenticate""><ref local=""authenticateManager""/></property>",67,workflow_ca_context.xml,powerstone\web\WEB-INF\workflow_ca_context.xml
wfDriverOutputParam,WFDriverOutputParamEnume.java,powerstone\\src\\org\\powerstone\\workflow\\model\\WFDriverOutputParamEnume.java,"name=""wfDriverOutputParam""",30,WFDriverOutputParamEnume.hbm.xml,powerstone\src\org\powerstone\workflow\model\WFDriverOutputParamEnume.hbm.xml
wfDriverOutputParam,FlowNodeOutputParamBinding.java,powerstone\\src\\org\\powerstone\\workflow\\model\\FlowNodeOutputParamBinding.java,"name=""wfDriverOutputParam""",38,FlowNodeOutputParamBinding.hbm.xml,powerstone\src\org\powerstone\workflow\model\FlowNodeOutputParamBinding.hbm.xml
flowNodeParamID,FlowNodeOutputParamBinding.java,powerstone\\src\\org\\powerstone\\workflow\\model\\FlowNodeOutputParamBinding.java,"name=""flowNodeParamID""",63,FlowNodeOutputParamBinding.hbm.xml,powerstone\src\org\powerstone\workflow\model\FlowNodeOutputParamBinding.hbm.xml
flowNodeParamID,FlowNodeInputParamBinding.java,powerstone\\src\\org\\powerstone\\workflow\\model\\FlowNodeInputParamBinding.java,"name=""flowNodeParamID""",38,FlowNodeInputParamBinding.hbm.xml,powerstone\src\org\powerstone\workflow\model\FlowNodeInputParamBinding.hbm.xml
groupDAO,GroupManagerImpl.java,powerstone\\src\\org\\powerstone\\ca\\service\\impl\\GroupManagerImpl.java,"<property name=""groupDAO""><ref local=""groupDAO""/></property>",32,workflow_ca_context.xml,powerstone\web\WEB-INF\workflow_ca_context.xml
userDAO,UserManagerImpl.java,powerstone\\src\\org\\powerstone\\ca\\service\\impl\\UserManagerImpl.java,"<property name=""userDAO""><ref local=""userDAO""/></property>",24,workflow_ca_context.xml,powerstone\web\WEB-INF\workflow_ca_context.xml
authenticateDAO,AuthenticateManagerImpl.java,powerstone\\src\\org\\powerstone\\ca\\service\\impl\\AuthenticateManagerImpl.java,"<property name=""authenticateDAO""><ref local=""authenticateDAO""/></property>",56,workflow_ca_context.xml,powerstone\web\WEB-INF\workflow_ca_context.xml
roleDAO,RoleManagerImpl.java,powerstone\\src\\org\\powerstone\\ca\\service\\impl\\RoleManagerImpl.java,"<property name=""roleDAO""><ref local=""roleDAO""/></property>",40,workflow_ca_context.xml,powerstone\web\WEB-INF\workflow_ca_context.xml
authenticationUtil,PrivilegeManageController.java,powerstone\\src\\org\\powerstone\\ca\\web\\PrivilegeManageController.java,"<property name=""authenticationUtil""><ref bean=""authenticationUtil""/></property>",36,privilege_manage-servlet.xml,powerstone\web\WEB-INF\privilege_manage-servlet.xml
resourceDAO,ResourceManagerImpl.java,powerstone\\src\\org\\powerstone\\ca\\service\\impl\\ResourceManagerImpl.java,"<property name=""resourceDAO""><ref local=""resourceDAO""/></property>",49,workflow_ca_context.xml,powerstone\web\WEB-INF\workflow_ca_context.xml
flowProc,FlowProcTransaction.java,powerstone\\src\\org\\powerstone\\workflow\\model\\FlowProcTransaction.java,"name=""flowProc""",30,FlowProcTransaction.hbm.xml,powerstone\src\org\powerstone\workflow\model\FlowProcTransaction.hbm.xml
flowProc,FlowProcRelativeData.java,powerstone\\src\\org\\powerstone\\workflow\\model\\FlowProcRelativeData.java,"name=""flowProc""",30,FlowProcRelativeData.hbm.xml,powerstone\src\org\powerstone\workflow\model\FlowProcRelativeData.hbm.xml
flowNodeOutputParamBinding,FlowNodeOutputParamEnumeBinding.java,powerstone\\src\\org\\powerstone\\workflow\\model\\FlowNodeOutputParamEnumeBinding.java,"name=""flowNodeOutputParamBinding""",30,FlowNodeOutputParamEnumeBinding.hbm.xml,powerstone\src\org\powerstone\workflow\model\FlowNodeOutputParamEnumeBinding.hbm.xml
flowNodeOutputParamBinding,FlowProcRelativeData.java,powerstone\\src\\org\\powerstone\\workflow\\model\\FlowProcRelativeData.java,"name=""flowNodeOutputParamBinding""",38,FlowProcRelativeData.hbm.xml,powerstone\src\org\powerstone\workflow\model\FlowProcRelativeData.hbm.xml
flowProcDAO,FlowProcManagerImpl.java,powerstone\\src\\org\\powerstone\\workflow\\service\\impl\\FlowProcManagerImpl.java,"<property name=""flowProcDAO""><ref local=""flowProcDAO""/></property>",37,workflow_engine_context.xml,powerstone\web\WEB-INF\workflow_engine_context.xml
flowTaskDAO,FlowTaskManagerImpl.java,powerstone\\src\\org\\powerstone\\workflow\\service\\impl\\FlowTaskManagerImpl.java,"<property name=""flowTaskDAO""><ref local=""flowTaskDAO""/></property>",48,workflow_engine_context.xml,powerstone\web\WEB-INF\workflow_engine_context.xml
taskManager,WorkflowEngineImpl.java,powerstone\\src\\org\\powerstone\\workflow\\service\\impl\\WorkflowEngineImpl.java,"<property name=""taskManager""><ref local=""flowTaskManager""/></property>",26,workflow_engine_context.xml,powerstone\web\WEB-INF\workflow_engine_context.xml
procManager,WorkflowEngineImpl.java,powerstone\\src\\org\\powerstone\\workflow\\service\\impl\\WorkflowEngineImpl.java,"<property name=""procManager""><ref local=""flowProcManager""/></property>",25,workflow_engine_context.xml,powerstone\web\WEB-INF\workflow_engine_context.xml
