cache,EhCacheBasedResourceCache::powerstone\\src\\org\\powerstone\\acegi\\cache\\EhCacheBasedResourceCache.java::Cache cache;,1,"powerstone\web\WEB-INF\acegi_context.xml::acegi_context.xml::<property name=""cache"">::329",,,,,,,,,,,,,,,,,,,,,,,,,,
role,RoleRight::powerstone\\src\\org\\powerstone\\ca\\model\\RoleRight.java::private Role role;,2,"powerstone\src\org\powerstone\ca\model\RoleRight.hbm.xml::RoleRight.hbm.xml::name=""role""::45",powerstone\src\org\powerstone\ca\model\Role.hbm.xml::Role.hbm.xml::select rr from RoleRight as rr where rr.role.roleID = ? and rr.resource.id = ? and rr.privilege = ?::96,,,,,,,,,,,,,,,,,,,,,,,,,
businessType,WorkflowMeta::powerstone\\src\\org\\powerstone\\workflow\\model\\WorkflowMeta.java::private BusinessType businessType;,15,powerstone\src\org\powerstone\workflow\model\FlowTask.hbm.xml::FlowTask.hbm.xml::select bt.typeID*count(*) from FlowTaskUser tu join tu.flowTask task join tu.flowTask.flowNodeBinding.flowDeploy.workflowMeta.businessType bt where tu.userID = ? and task.taskState= ? group by bt::200,powerstone\src\org\powerstone\workflow\model\FlowTask.hbm.xml::FlowTask.hbm.xml::select count(*) from FlowTaskUser tu join tu.flowTask task join tu.flowTask.flowNodeBinding.flowDeploy.workflowMeta.businessType bt where tu.userID = ? and task.taskState in(?) and bt.typeID = ?::215,"powerstone\src\org\powerstone\workflow\model\WorkflowMeta.hbm.xml::WorkflowMeta.hbm.xml::name=""businessType""::82","powerstone\web\WEB-INF\views\business_type\listBusinessTypesToJoin.jsp::listBusinessTypesToJoin.jsp::<c:if test=""${empty flowMeta.businessType}"">::21",powerstone\src\org\powerstone\workflow\model\FlowTask.hbm.xml::FlowTask.hbm.xml::select task from FlowTaskUser tu join tu.flowTask task join tu.flowTask.flowNodeBinding.flowDeploy.workflowMeta.businessType bt where tu.userID = ? and bt.typeID = ? and task.taskState in(?*?) order by task.startTime desc::212,"powerstone\web\WEB-INF\views\business_type\listBusinessTypesToJoin.jsp::listBusinessTypesToJoin.jsp::'<c:out value=""${flowMeta.businessType.typeID}""/>'::19",powerstone\src\org\powerstone\workflow\model\FlowTask.hbm.xml::FlowTask.hbm.xml::select task from NewTask nt join nt.flowTask task join task.flowNodeBinding.flowDeploy.workflowMeta.businessType bt where nt.taskCandidateUserID = ? and bt.typeID = ? and task.taskState in(?) order by task.createTime desc::209,"powerstone\web\WEB-INF\views\business_type\listBusinessTypesToJoin.jsp::listBusinessTypesToJoin.jsp::<c:if test=""${flowMeta.businessType.typeID == businessType.typeID}"">::82",powerstone\src\org\powerstone\workflow\model\WorkflowMeta.hbm.xml::WorkflowMeta.hbm.xml::from WorkflowMeta wm WHERE wm.businessType is null::104,powerstone\src\org\powerstone\workflow\model\FlowTask.hbm.xml::FlowTask.hbm.xml::select task from FlowTaskUser tu join tu.flowTask task join tu.flowTask.flowNodeBinding.flowDeploy.workflowMeta.businessType bt where tu.userID = ? and bt.typeID = ? and task.taskState in(?) order by task.overTime desc::218,"powerstone\web\WEB-INF\views\business_type\listBusinessTypesToJoin.jsp::listBusinessTypesToJoin.jsp::<c:if test=""${!empty flowMeta.businessType}"">::81","powerstone\web\WEB-INF\views\business_type\listBusinessTypesToJoin.jsp::listBusinessTypesToJoin.jsp::<c:if test=""${!empty flowMeta.businessType}"">::18",powerstone\src\org\powerstone\workflow\model\FlowTask.hbm.xml::FlowTask.hbm.xml::select count(*) from NewTask nt join nt.flowTask task join task.flowNodeBinding.flowDeploy.workflowMeta.businessType bt where nt.taskCandidateUserID = ? and task.taskState in(?) and bt.typeID = ?::203,powerstone\src\org\powerstone\workflow\model\FlowTask.hbm.xml::FlowTask.hbm.xml::select bt.typeID*count(*) from FlowTaskUser tu join tu.flowTask task join tu.flowTask.flowNodeBinding.flowDeploy.workflowMeta.businessType bt where tu.userID = ? and task.taskState in (?*?) group by bt::182,powerstone\src\org\powerstone\workflow\model\FlowTask.hbm.xml::FlowTask.hbm.xml::select count(*) from FlowTaskUser tu join tu.flowTask task join tu.flowTask.flowNodeBinding.flowDeploy.workflowMeta.businessType bt where tu.userID = ? and task.taskState in(?*?) and bt.typeID = ?::206,powerstone\src\org\powerstone\workflow\model\FlowTask.hbm.xml::FlowTask.hbm.xml::select bt.typeID*count(*) from NewTask nt join nt.flowTask task join task.flowNodeBinding.flowDeploy.workflowMeta.businessType bt where nt.taskCandidateUserID = ? and task.taskState in (?) group by bt::179,,,,,,,,,,,
typeID,BusinessType::powerstone\\src\\org\\powerstone\\workflow\\model\\BusinessType.java::private Long typeID = new Long( -1);,27,"powerstone\web\WEB-INF\views\work_list\listTaskKinds.jsp::listTaskKinds.jsp::href='<%=request.getContextPath()%>/list_executing_tasks.wl?typeID=<c:out value=""${businessType.typeID}""/>'>::78","powerstone\web\WEB-INF\views\business_type\businessTypeForm.jsp::businessTypeForm.jsp::<spring:bind path=""businessType.typeID"">::33","powerstone\src\org\powerstone\workflow\model\BusinessType.hbm.xml::BusinessType.hbm.xml::name=""typeID""::15","powerstone\web\WEB-INF\views\business_type\listAllBusinessTypes.jsp::listAllBusinessTypes.jsp::<a href='<%=request.getContextPath()%>/wf/edit_bt.bt?typeID=<c:out value=""${businessType.typeID}""/>'::85",powerstone\src\org\powerstone\workflow\model\FlowTask.hbm.xml::FlowTask.hbm.xml::select count(*) from FlowTaskUser tu join tu.flowTask task join tu.flowTask.flowNodeBinding.flowDeploy.workflowMeta.businessType bt where tu.userID = ? and task.taskState in(?) and bt.typeID = ?::215,"powerstone\web\WEB-INF\views\work_list\listTaskKinds.jsp::listTaskKinds.jsp::<a target=""right"" onclick=changeColor('exe_<c:out value=""${businessType.typeID}""/>')::77","powerstone\web\WEB-INF\views\business_type\listBusinessTypesToJoin.jsp::listBusinessTypesToJoin.jsp::'<c:out value=""${flowMeta.businessType.typeID}""/>'::19",powerstone\src\org\powerstone\workflow\model\BusinessType.hbm.xml::BusinessType.hbm.xml::from BusinessType bt order by bt.typeID asc::64,"powerstone\web\WEB-INF\views\business_type\listBusinessTypesToJoin.jsp::listBusinessTypesToJoin.jsp::onclick=""selectMe('<c:out value=""${businessType.typeID}""/>')"" /></td>::87",powerstone\src\org\powerstone\workflow\model\FlowTask.hbm.xml::FlowTask.hbm.xml::select bt.typeID*count(*) from FlowTaskUser tu join tu.flowTask task join tu.flowTask.flowNodeBinding.flowDeploy.workflowMeta.businessType bt where tu.userID = ? and task.taskState in (?*?) group by bt::182,powerstone\src\org\powerstone\workflow\model\FlowTask.hbm.xml::FlowTask.hbm.xml::select bt.typeID*count(*) from FlowTaskUser tu join tu.flowTask task join tu.flowTask.flowNodeBinding.flowDeploy.workflowMeta.businessType bt where tu.userID = ? and task.taskState= ? group by bt::200,"powerstone\web\WEB-INF\views\work_list\listTaskKinds.jsp::listTaskKinds.jsp::<a target=""right""  class=""tablelinke"" onclick=changeColor('finished_<c:out value=""${businessType.typeID}""/>')::117","powerstone\web\WEB-INF\views\business_type\listBusinessTypesToJoin.jsp::listBusinessTypesToJoin.jsp::value='<c:out value=""${businessType.typeID}""/>'::86","powerstone\web\WEB-INF\views\work_list\listTaskKinds.jsp::listTaskKinds.jsp::href='<%=request.getContextPath()%>/list_finished_tasks.wl?typeID=<c:out value=""${businessType.typeID}""/>'>::118","powerstone\web\WEB-INF\views\work_list\listTaskKinds.jsp::listTaskKinds.jsp::<c:out value=""${businessType.typeName}""/>(<font color=""#FF0000"" id='finished_<c:out value=""${businessType.typeID}""/>'>::119","powerstone\web\WEB-INF\views\work_list\listTaskKinds.jsp::listTaskKinds.jsp::<c:out value=""${businessType1.typeName}""/>(<font color=""#FF0000"" id='new_<c:out value=""${businessType1.typeID}""/>'>::62",powerstone\src\org\powerstone\workflow\model\FlowTask.hbm.xml::FlowTask.hbm.xml::select task from FlowTaskUser tu join tu.flowTask task join tu.flowTask.flowNodeBinding.flowDeploy.workflowMeta.businessType bt where tu.userID = ? and bt.typeID = ? and task.taskState in(?*?) order by task.startTime desc::212,"powerstone\web\WEB-INF\views\work_list\listTaskKinds.jsp::listTaskKinds.jsp::<c:out value=""${businessType.typeName}""/>(<font color=""#FF0000"" id='exe_<c:out value=""${businessType.typeID}""/>'>::79",powerstone\src\org\powerstone\workflow\model\FlowTask.hbm.xml::FlowTask.hbm.xml::select task from NewTask nt join nt.flowTask task join task.flowNodeBinding.flowDeploy.workflowMeta.businessType bt where nt.taskCandidateUserID = ? and bt.typeID = ? and task.taskState in(?) order by task.createTime desc::209,"powerstone\web\WEB-INF\views\work_list\listTaskKinds.jsp::listTaskKinds.jsp::<a target=""right"" onclick=changeColor('new_<c:out value=""${businessType1.typeID}""/>')::60","powerstone\web\WEB-INF\views\business_type\listBusinessTypesToJoin.jsp::listBusinessTypesToJoin.jsp::<c:if test=""${flowMeta.businessType.typeID == businessType.typeID}"">::82",powerstone\src\org\powerstone\workflow\model\FlowTask.hbm.xml::FlowTask.hbm.xml::select task from FlowTaskUser tu join tu.flowTask task join tu.flowTask.flowNodeBinding.flowDeploy.workflowMeta.businessType bt where tu.userID = ? and bt.typeID = ? and task.taskState in(?) order by task.overTime desc::218,"powerstone\web\WEB-INF\views\work_list\listTaskKinds.jsp::listTaskKinds.jsp::href='<%=request.getContextPath()%>/list_new_tasks.wl?typeID=<c:out value=""${businessType1.typeID}""/>'>::61",powerstone\src\org\powerstone\workflow\model\FlowTask.hbm.xml::FlowTask.hbm.xml::select count(*) from NewTask nt join nt.flowTask task join task.flowNodeBinding.flowDeploy.workflowMeta.businessType bt where nt.taskCandidateUserID = ? and task.taskState in(?) and bt.typeID = ?::203,"powerstone\web\WEB-INF\views\business_type\businessTypeForm.jsp::businessTypeForm.jsp::<c:if test=""${not empty typeID}"">::53",powerstone\src\org\powerstone\workflow\model\FlowTask.hbm.xml::FlowTask.hbm.xml::select count(*) from FlowTaskUser tu join tu.flowTask task join tu.flowTask.flowNodeBinding.flowDeploy.workflowMeta.businessType bt where tu.userID = ? and task.taskState in(?*?) and bt.typeID = ?::206,powerstone\src\org\powerstone\workflow\model\FlowTask.hbm.xml::FlowTask.hbm.xml::select bt.typeID*count(*) from NewTask nt join nt.flowTask task join task.flowNodeBinding.flowDeploy.workflowMeta.businessType bt where nt.taskCandidateUserID = ? and task.taskState in (?) group by bt::179
password,User::powerstone\\src\\org\\powerstone\\ca\\model\\User.java::private String password;,6,"powerstone\web\WEB-INF\views\user_group\userForm.jsp::userForm.jsp::<spring:bind path=""user.password"">::89","powerstone\web\WEB-INF\validation.xml::validation.xml::<field property=""password"" depends=""twofields*minlength"">::33","powerstone\web\WEB-INF\views\user_group\userForm.jsp::userForm.jsp::<spring:bind path=""user.password"">::69","powerstone\src\org\powerstone\ca\model\User.hbm.xml::User.hbm.xml::name=""password""::39","powerstone\web\WEB-INF\views\user_group\userForm.jsp::userForm.jsp::<input type=""password"" class=""input1"" name=""<c:out value=""${status.expression}""/>""::70","powerstone\web\WEB-INF\views\user_group\userForm.jsp::userForm.jsp::<input type=""password"" class=""input1"" name=""<c:out value=""${status.expression}""/>"" value=""<c:out value=""${status.value}""/>""/>::81",,,,,,,,,,,,,,,,,,,,,
groupID,Group::powerstone\\src\\org\\powerstone\\ca\\model\\Group.java::private Long groupID = new Long( -1);,5,powerstone\src\org\powerstone\ca\model\Group.hbm.xml::Group.hbm.xml::select user from User as user left join user.groups as groups where groups.groupID = ?::118,powerstone\src\org\powerstone\ca\model\Group.hbm.xml::Group.hbm.xml::select gr from GroupRight as gr where gr.group.groupID = ? and gr.resource.id = ? and gr.privilege = ?::121,"powerstone\src\org\powerstone\ca\model\Group.hbm.xml::Group.hbm.xml::name=""groupID""::15",powerstone\src\org\powerstone\ca\model\Group.hbm.xml::Group.hbm.xml::select g from Group as g order by g.groupID::115,"powerstone\web\WEB-INF\views\user_group\groupForm.jsp::groupForm.jsp::<spring:bind path=""group.groupID"">::38",,,,,,,,,,,,,,,,,,,,,,
email,User::powerstone\\src\\org\\powerstone\\ca\\model\\User.java::private String email;,5,powerstone\src\org\powerstone\ca\model\User.hbm.xml::User.hbm.xml::select u from User as u where u.email = ?::183,"powerstone\web\WEB-INF\views\user_group\userForm.jsp::userForm.jsp::<spring:bind path=""user.email"">::114","powerstone\web\WEB-INF\views\user_group\myInfoForm.jsp::myInfoForm.jsp::<spring:bind path=""user.email"">::67","powerstone\src\org\powerstone\ca\model\User.hbm.xml::User.hbm.xml::name=""email""::62","powerstone\web\WEB-INF\validation.xml::validation.xml::<field property=""email"" depends=""required*email"">::52",,,,,,,,,,,,,,,,,,,,,,
taskState,FlowTask::powerstone\\src\\org\\powerstone\\workflow\\model\\FlowTask.java::private String taskState = TASK_STATE_FREE;,17,powerstone\src\org\powerstone\workflow\model\FlowTask.hbm.xml::FlowTask.hbm.xml::select bt.typeID*count(*) from FlowTaskUser tu join tu.flowTask task join tu.flowTask.flowNodeBinding.flowDeploy.workflowMeta.businessType bt where tu.userID = ? and task.taskState= ? group by bt::200,powerstone\src\org\powerstone\workflow\model\FlowTask.hbm.xml::FlowTask.hbm.xml::select task from FlowTaskAssigner fta join fta.flowTask task where fta.userID = ? and task.taskState in (?)::188,powerstone\src\org\powerstone\workflow\model\FlowTask.hbm.xml::FlowTask.hbm.xml::select count(*) from FlowTaskUser tu join tu.flowTask task join tu.flowTask.flowNodeBinding.flowDeploy.workflowMeta.businessType bt where tu.userID = ? and task.taskState in(?) and bt.typeID = ?::215,"powerstone\src\org\powerstone\workflow\model\FlowTask.hbm.xml::FlowTask.hbm.xml::name=""taskState""::30",powerstone\src\org\powerstone\workflow\model\FlowTask.hbm.xml::FlowTask.hbm.xml::select task from FlowTaskUser tu join tu.flowTask task join tu.flowTask.flowNodeBinding.flowDeploy.workflowMeta.businessType bt where tu.userID = ? and bt.typeID = ? and task.taskState in(?*?) order by task.startTime desc::212,powerstone\src\org\powerstone\workflow\model\FlowTask.hbm.xml::FlowTask.hbm.xml::select task from FlowTask task where task.taskState in (?)::185,powerstone\src\org\powerstone\workflow\model\FlowTask.hbm.xml::FlowTask.hbm.xml::select task from NewTask nt join nt.flowTask task join task.flowNodeBinding.flowDeploy.workflowMeta.businessType bt where nt.taskCandidateUserID = ? and bt.typeID = ? and task.taskState in(?) order by task.createTime desc::209,powerstone\src\org\powerstone\workflow\model\FlowTask.hbm.xml::FlowTask.hbm.xml::select task from FlowTask task where task.taskState in (?) and task.sendEmail = ?::197,powerstone\src\org\powerstone\workflow\model\FlowTask.hbm.xml::FlowTask.hbm.xml::select task from FlowTaskUser tu join tu.flowTask task join tu.flowTask.flowNodeBinding.flowDeploy.workflowMeta.businessType bt where tu.userID = ? and bt.typeID = ? and task.taskState in(?) order by task.overTime desc::218,powerstone\src\org\powerstone\workflow\model\FlowTask.hbm.xml::FlowTask.hbm.xml::select count(*) from FlowTaskAssigner fta join fta.flowTask task where fta.userID = ? and task.taskState in (?)::191,powerstone\src\org\powerstone\workflow\model\FlowTask.hbm.xml::FlowTask.hbm.xml::select count(*) from NewTask nt join nt.flowTask task join task.flowNodeBinding.flowDeploy.workflowMeta.businessType bt where nt.taskCandidateUserID = ? and task.taskState in(?) and bt.typeID = ?::203,powerstone\src\org\powerstone\workflow\model\FlowProc.hbm.xml::FlowProc.hbm.xml::select theFP from FlowProc theFP where theFP.flowProcID in (select fp.flowProcID from FlowTask ft join ft.flowProcTransaction.flowProc fp where fp.flowDeploy.flowDeployID = ? and ft.taskState not in (?) group by fp having count(ft) >0)::121,powerstone\src\org\powerstone\workflow\model\FlowTask.hbm.xml::FlowTask.hbm.xml::select bt.typeID*count(*) from FlowTaskUser tu join tu.flowTask task join tu.flowTask.flowNodeBinding.flowDeploy.workflowMeta.businessType bt where tu.userID = ? and task.taskState in (?*?) group by bt::182,powerstone\src\org\powerstone\workflow\model\FlowTask.hbm.xml::FlowTask.hbm.xml::select count(*) from FlowTaskUser tu join tu.flowTask task join tu.flowTask.flowNodeBinding.flowDeploy.workflowMeta.businessType bt where tu.userID = ? and task.taskState in(?*?) and bt.typeID = ?::206,powerstone\src\org\powerstone\workflow\model\FlowTask.hbm.xml::FlowTask.hbm.xml::select bt.typeID*count(*) from NewTask nt join nt.flowTask task join task.flowNodeBinding.flowDeploy.workflowMeta.businessType bt where nt.taskCandidateUserID = ? and task.taskState in (?) group by bt::179,powerstone\src\org\powerstone\workflow\model\FlowTask.hbm.xml::FlowTask.hbm.xml::select task from FlowTaskUser tu join tu.flowTask task where task.taskState in (?) and tu.userID = ?::194,powerstone\src\org\powerstone\workflow\model\FlowTask.hbm.xml::FlowTask.hbm.xml::select task from FlowTask task join task.flowNodeBinding node where node.nodeBindingID = ? and task.taskState = ?::176,,,,,,,,,,
flowMetaID,WorkflowMeta::powerstone\\src\\org\\powerstone\\workflow\\model\\WorkflowMeta.java::private Long flowMetaID = new Long( -1);,11,"powerstone\web\WEB-INF\views\flow_meta\seeFlowMeta.jsp::seeFlowMeta.jsp::""<%=request.getContextPath()%>/wf/remove_flow_meta.fm?flowMetaID=<c:out value=""${workflowMeta.flowMetaID}""/>"";::129","powerstone\web\WEB-INF\views\flow_meta\seeFlowMeta.jsp::seeFlowMeta.jsp::onclick=""window.location.replace('<%=request.getContextPath()%>/wf/preview_image_form.fm?flowMetaID=<c:out value=""${workflowMeta.flowMetaID}""/>');""/>::182","powerstone\web\WEB-INF\views\business_type\listBusinessTypesToJoin.jsp::listBusinessTypesToJoin.jsp::url=""<%=request.getContextPath()%>/wf/see_flow_meta.fm?flowMetaID=<c:out value=""${flowMeta.flowMetaID}""/>"";::41","powerstone\src\org\powerstone\workflow\model\WorkflowMeta.hbm.xml::WorkflowMeta.hbm.xml::name=""flowMetaID""::15","powerstone\web\WEB-INF\views\business_type\listBusinessTypesToJoin.jsp::listBusinessTypesToJoin.jsp::<input type=""hidden"" name=""flowMetaID"" value='<c:out value=""${flowMeta.flowMetaID}""/>'/>::74","powerstone\web\WEB-INF\views\business_type\listAllBusinessTypes.jsp::listAllBusinessTypes.jsp::<a href=""#"" onclick=""changeSonColor('other-<c:out value=""${idee.count}""/>'*'<c:out value=""${flowMeta.flowMetaID}""/>')"">::120","powerstone\web\WEB-INF\views\flow_meta\seeFlowMeta.jsp::seeFlowMeta.jsp::'<%=request.getContextPath()%>/wf/list_bt_to_join.bt?flowMetaID=<c:out value=""${workflowMeta.flowMetaID}""/>');::21","powerstone\web\WEB-INF\views\business_type\listAllBusinessTypes.jsp::listAllBusinessTypes.jsp::<a onclick=""changeSonColor('<c:out value=""${ide.count}""/>-<c:out value=""${idee.count}""/>'*'<c:out value=""${flowMeta.flowMetaID}""/>')"">::98","powerstone\web\WEB-INF\views\flow_meta\seeFlowMeta.jsp::seeFlowMeta.jsp::href='<%=request.getContextPath()%>/wf/preview_big.fm?flowMetaID=<c:out value=""${workflowMeta.flowMetaID}""/>'::166",powerstone\src\org\powerstone\workflow\model\WorkflowMeta.hbm.xml::WorkflowMeta.hbm.xml::from WorkflowMeta wm order by wm.flowMetaID asc::98,"powerstone\web\WEB-INF\views\flow_meta\seeFlowMeta.jsp::seeFlowMeta.jsp::><img src='<%=request.getContextPath()%>/wf/preview_flow_meta.fm?flowMetaID=<c:out value=""${workflowMeta.flowMetaID}""/>'::167",,,,,,,,,,,,,,,,
flowDeployID,FlowDeploy::powerstone\\src\\org\\powerstone\\workflow\\model\\FlowDeploy.java::private Long flowDeployID = new Long( -1);,3,powerstone\src\org\powerstone\workflow\model\FlowProc.hbm.xml::FlowProc.hbm.xml::select theFP from FlowProc theFP where theFP.flowProcID in (select fp.flowProcID from FlowTask ft join ft.flowProcTransaction.flowProc fp where fp.flowDeploy.flowDeployID = ? and ft.taskState not in (?) group by fp having count(ft) >0)::121,"powerstone\src\org\powerstone\workflow\model\FlowDeploy.hbm.xml::FlowDeploy.hbm.xml::name=""flowDeployID""::15","powerstone\web\WEB-INF\views\flow_deploy\flowDeployForm.jsp::flowDeployForm.jsp::<spring:bind path=""flowDeploy.flowDeployID"">::33",,,,,,,,,,,,,,,,,,,,,,,,
groups,User::powerstone\\src\\org\\powerstone\\ca\\model\\User.java::private List groups = new ArrayList();,2,powerstone\src\org\powerstone\ca\model\Group.hbm.xml::Group.hbm.xml::select user from User as user left join user.groups as groups where groups.groupID = ?::118,"powerstone\src\org\powerstone\ca\model\User.hbm.xml::User.hbm.xml::name=""groups""::86",,,,,,,,,,,,,,,,,,,,,,,,,
webModuleID,WebModule::powerstone\\src\\org\\powerstone\\ca\\model\\WebModule.java::private Long webModuleID = new Long( -1);,3,"powerstone\web\WEB-INF\views\resource_manage\webModuleForm.jsp::webModuleForm.jsp::<input type=""hidden"" name=""webModuleID"" value=""<c:out value=""${status.value}""/>""/>::40","powerstone\src\org\powerstone\ca\model\WebModule.hbm.xml::WebModule.hbm.xml::name=""webModuleID""::15","powerstone\web\WEB-INF\views\resource_manage\webModuleForm.jsp::webModuleForm.jsp::<spring:bind path=""webModule.webModuleID"">::39",,,,,,,,,,,,,,,,,,,,,,,,
roles,User::powerstone\\src\\org\\powerstone\\ca\\model\\User.java::private List roles = new ArrayList();,1,"powerstone\src\org\powerstone\ca\model\User.hbm.xml::User.hbm.xml::name=""roles""::106",,,,,,,,,,,,,,,,,,,,,,,,,,
userName,User::powerstone\\src\\org\\powerstone\\ca\\model\\User.java::private String userName;,6,"powerstone\web\WEB-INF\views\user_group\myInfoForm.jsp::myInfoForm.jsp::<spring:bind path=""user.userName"">::44","powerstone\web\WEB-INF\views\flow_performer\configNodePerformer.jsp::configNodePerformer.jsp::<c:out value=""${currUser.userName}""/>|<c:out value=""${currUser.realName}""/>::139","powerstone\src\org\powerstone\ca\model\User.hbm.xml::User.hbm.xml::name=""userName""::30","powerstone\web\WEB-INF\views\user_group\userForm.jsp::userForm.jsp::<spring:bind path=""user.userName"">::58","powerstone\web\WEB-INF\validation.xml::validation.xml::<field property=""userName"" depends=""required*mask*maxlength*minlength"">::18",powerstone\src\org\powerstone\ca\model\User.hbm.xml::User.hbm.xml::select u from User as u where u.userName = ?::180,,,,,,,,,,,,,,,,,,,,,
realName,User::powerstone\\src\\org\\powerstone\\ca\\model\\User.java::private String realName;,5,"powerstone\web\WEB-INF\views\user_group\userForm.jsp::userForm.jsp::<spring:bind path=""user.realName"">::103","powerstone\web\WEB-INF\views\flow_performer\configNodePerformer.jsp::configNodePerformer.jsp::<c:out value=""${currUser.userName}""/>|<c:out value=""${currUser.realName}""/>::139","powerstone\src\org\powerstone\ca\model\User.hbm.xml::User.hbm.xml::name=""realName""::47","powerstone\web\WEB-INF\views\user_group\myInfoForm.jsp::myInfoForm.jsp::<spring:bind path=""user.realName"">::56","powerstone\web\WEB-INF\validation.xml::validation.xml::<field property=""realName"" depends=""required*maxlength"">::45",,,,,,,,,,,,,,,,,,,,,,
confirmPass,User::powerstone\\src\\org\\powerstone\\ca\\model\\User.java::private String confirmPass;,2,"powerstone\web\WEB-INF\views\user_group\userForm.jsp::userForm.jsp::<spring:bind path=""user.confirmPass"">::93","powerstone\web\WEB-INF\views\user_group\userForm.jsp::userForm.jsp::<spring:bind path=""user.confirmPass"">::80",,,,,,,,,,,,,,,,,,,,,,,,,
flowDriverID,WorkflowDriver::powerstone\\src\\org\\powerstone\\workflow\\model\\WorkflowDriver.java::private Long flowDriverID = new Long( -1);,10,"powerstone\web\WEB-INF\views\flow_driver\listDriversToDeploy.jsp::listDriversToDeploy.jsp::value='<c:out value=""${theDriver.flowDriverID}""/>' />::29","powerstone\web\WEB-INF\views\flow_driver\seeDriverDetail.jsp::seeDriverDetail.jsp::onclick=""deleteInputParam('<c:out value=""${theDriver.flowDriverID}""/>'*'<c:out value=""${theInputParam.driverInputParamID}""/>')""::30","powerstone\web\WEB-INF\views\flow_driver\driverForm.jsp::driverForm.jsp::<spring:bind path=""driver.flowDriverID"">::32","powerstone\src\org\powerstone\workflow\model\WorkflowDriver.hbm.xml::WorkflowDriver.hbm.xml::name=""flowDriverID""::15","powerstone\web\WEB-INF\views\flow_driver\seeDriverDetail.jsp::seeDriverDetail.jsp::onclick=""deleteOutputParam('<c:out value=""${theDriver.flowDriverID}""/>'*'<c:out value=""${theOutputParam.driverOutputParamID}""/>')""::55",powerstone\src\org\powerstone\workflow\model\WorkflowDriver.hbm.xml::WorkflowDriver.hbm.xml::from WorkflowDriver wd order by wd.flowDriverID asc::109,"powerstone\web\WEB-INF\views\flow_driver\seeDriverDetail.jsp::seeDriverDetail.jsp::action='<%=request.getContextPath()%>/wf/remove_driver_paramenume.fd?driverID=<c:out value=""${theDriver.flowDriverID}""/>'>::63","powerstone\web\WEB-INF\views\flow_driver\seeDriverDetail.jsp::seeDriverDetail.jsp::onclick=""window.open('<%=request.getContextPath()%>/wf/edit_input_param.fd?driverID=<c:out value=""${theDriver.flowDriverID}""/>'*''*'width=250*height=200');"" src=""<%=request.getContextPath()%>/img/add.gif"" width=""12"" height=""12""></td>::23","powerstone\web\WEB-INF\views\flow_driver\seeDriverDetail.jsp::seeDriverDetail.jsp::onclick=""window.open('<%=request.getContextPath()%>/wf/edit_output_param.fd?driverID=<c:out value=""${theDriver.flowDriverID}""/>'*''*'width=250*height=200');"" src=""<%=request.getContextPath()%>/img/add.gif"" width=""12"" height=""12""></td>::48",powerstone\src\org\powerstone\workflow\model\FlowNodeBinding.hbm.xml::FlowNodeBinding.hbm.xml::select fnb from FlowNodeBinding fnb inner join fnb.workflowDriver wfd where wfd.flowDriverID = ?::146,,,,,,,,,,,,,,,,,
flowNodeID,FlowNodeBinding::powerstone\\src\\org\\powerstone\\workflow\\model\\FlowNodeBinding.java::private String flowNodeID;,2,"powerstone\src\org\powerstone\workflow\model\FlowNodeBinding.hbm.xml::FlowNodeBinding.hbm.xml::name=""flowNodeID""::38",powerstone\src\org\powerstone\workflow\model\FlowTask.hbm.xml::FlowTask.hbm.xml::select task from FlowTask task join task.flowNodeBinding node join task.flowProcTransaction.flowProc flowProc where node.flowNodeID = ? and flowProc.flowProcID = ?::221,,,,,,,,,,,,,,,,,,,,,,,,,
typeName,BusinessType::powerstone\\src\\org\\powerstone\\workflow\\model\\BusinessType.java::private String typeName;,8,"powerstone\web\WEB-INF\views\work_list\listTaskKinds.jsp::listTaskKinds.jsp::<c:out value=""${businessType.typeName}""/>(<font color=""#FF0000"" id='exe_<c:out value=""${businessType.typeID}""/>'>::79","powerstone\web\WEB-INF\views\work_list\listTaskKinds.jsp::listTaskKinds.jsp::<c:out value=""${businessType.typeName}""/>(<font color=""#FF0000"" id='finished_<c:out value=""${businessType.typeID}""/>'>::119","powerstone\src\org\powerstone\workflow\model\BusinessType.hbm.xml::BusinessType.hbm.xml::name=""typeName""::30","powerstone\web\WEB-INF\validation.xml::validation.xml::<field property=""typeName"" depends=""required*maxlength"">::172","powerstone\web\WEB-INF\views\business_type\listBusinessTypesToJoin.jsp::listBusinessTypesToJoin.jsp::<td align=""left""><c:out value=""${businessType.typeName}""/></td>::88","powerstone\web\WEB-INF\views\work_list\listTaskKinds.jsp::listTaskKinds.jsp::<c:out value=""${businessType1.typeName}""/>(<font color=""#FF0000"" id='new_<c:out value=""${businessType1.typeID}""/>'>::62","powerstone\web\WEB-INF\views\business_type\businessTypeForm.jsp::businessTypeForm.jsp::<spring:bind path=""businessType.typeName"">::42","powerstone\web\WEB-INF\views\business_type\listAllBusinessTypes.jsp::listAllBusinessTypes.jsp::<c:out value=""${businessType.typeName}""/>(<c:out value=""${businessType.flowMetasNum}""/>)::88",,,,,,,,,,,,,,,,,,,
resources,WebModule::powerstone\\src\\org\\powerstone\\ca\\model\\WebModule.java::private List resources = new ArrayList();,1,"powerstone\src\org\powerstone\ca\model\WebModule.hbm.xml::WebModule.hbm.xml::name=""resources""::53",,,,,,,,,,,,,,,,,,,,,,,,,,
nodeID,WorkflowNode::powerstone\\src\\org\\powerstone\\workflow\\model\\WorkflowNode.java::private String nodeID;,5,"powerstone\web\WEB-INF\views\flow_performer\configNodePerformer.jsp::configNodePerformer.jsp::<option value='<c:out value=""${currNode.nodeID}""/>'::198","powerstone\web\WEB-INF\views\flow_performer\configNodePerformer.jsp::configNodePerformer.jsp::<option value='<c:out value=""${currNode.nodeID}""/>'::232","powerstone\web\WEB-INF\views\flow_performer\configNodePerformer.jsp::configNodePerformer.jsp::<c:if test=""${currNode.nodeID eq nodeBinding.performerDetail}"">::233","powerstone\web\WEB-INF\views\flow_performer\configNodePerformer.jsp::configNodePerformer.jsp::<c:if test=""${currNode.nodeID eq nodeBinding.performerDetail}"">::199","powerstone\web\WEB-INF\views\flow_deploy\listFlowNodes.jsp::listFlowNodes.jsp::onClick=""changeColor(this);deployNode('<c:out value=""${theNode.nodeID}""/>');"">::48",,,,,,,,,,,,,,,,,,,,,,
flowProcID,FlowProc::powerstone\\src\\org\\powerstone\\workflow\\model\\FlowProc.java::private Long flowProcID = new Long( -1);,4,powerstone\src\org\powerstone\workflow\model\FlowTask.hbm.xml::FlowTask.hbm.xml::select task from FlowTask task join task.flowProcTransaction.flowProc flowProc where flowProc.flowProcID = ?::224,"powerstone\src\org\powerstone\workflow\model\FlowProc.hbm.xml::FlowProc.hbm.xml::name=""flowProcID""::15",powerstone\src\org\powerstone\workflow\model\FlowTask.hbm.xml::FlowTask.hbm.xml::select task from FlowTask task join task.flowNodeBinding node join task.flowProcTransaction.flowProc flowProc where node.flowNodeID = ? and flowProc.flowProcID = ?::221,powerstone\src\org\powerstone\workflow\model\FlowProc.hbm.xml::FlowProc.hbm.xml::select theFP from FlowProc theFP where theFP.flowProcID in (select fp.flowProcID from FlowTask ft join ft.flowProcTransaction.flowProc fp where fp.flowDeploy.flowDeployID = ? and ft.taskState not in (?) group by fp having count(ft) >0)::121,,,,,,,,,,,,,,,,,,,,,,,
state,User::powerstone\\src\\org\\powerstone\\ca\\model\\User.java::private String state = USER_STATE_NORMAL;,2,"powerstone\src\org\powerstone\ca\model\User.hbm.xml::User.hbm.xml::name=""state""::78",powerstone\src\org\powerstone\ca\model\User.hbm.xml::User.hbm.xml::select u from User as u where u.state = ?::174,,,,,,,,,,,,,,,,,,,,,,,,,
resourceID,Resource::powerstone\\src\\org\\powerstone\\ca\\model\\Resource.java::private String resourceID;,4,"powerstone\src\org\powerstone\ca\model\Resource.hbm.xml::Resource.hbm.xml::name=""resourceID""::30","powerstone\web\WEB-INF\validation.xml::validation.xml::<field property=""resourceID"" depends=""required*mask*maxlength*minlength"">::76","powerstone\web\WEB-INF\views\resource_manage\resourceForm.jsp::resourceForm.jsp::<spring:bind path=""resource.resourceID"">::50",powerstone\src\org\powerstone\ca\model\Resource.hbm.xml::Resource.hbm.xml::select rs from Resource as rs where rs.resourceID=?::78,,,,,,,,,,,,,,,,,,,,,,,
driverOutputParamID,WFDriverOutputParam::powerstone\\src\\org\\powerstone\\workflow\\model\\WFDriverOutputParam.java::private Long driverOutputParamID = new Long( -1);,7,"powerstone\web\WEB-INF\views\flow_driver\driverOutputEnumeForm.jsp::driverOutputEnumeForm.jsp::<input type=""hidden"" name=""driverOutputParamID"" value=""<c:out value=""${driverOutputParamID}""/>""/>::38","powerstone\web\WEB-INF\views\flow_driver\driverOutputForm.jsp::driverOutputForm.jsp::<spring:bind path=""driverOutput.driverOutputParamID"">::31","powerstone\web\WEB-INF\views\flow_driver\seeDriverDetail.jsp::seeDriverDetail.jsp::<form name='select_<c:out value=""${theOutputParam.driverOutputParamID}""/>' method='POST'::62","powerstone\web\WEB-INF\views\flow_driver\seeDriverDetail.jsp::seeDriverDetail.jsp::onclick=""deleteOutputParam('<c:out value=""${theDriver.flowDriverID}""/>'*'<c:out value=""${theOutputParam.driverOutputParamID}""/>')""::55","powerstone\web\WEB-INF\views\flow_driver\seeDriverDetail.jsp::seeDriverDetail.jsp::<td><img onclick=""if(confirm('<fmt:message key=""driver.confirm_delete_enume""/>')){document.select_<c:out value=""${theOutputParam.driverOutputParamID}""/>.submit();}"" style='cursor:hand' src=""<%=request.getContextPath()%>/img/delete.gif""::85","powerstone\src\org\powerstone\workflow\model\WFDriverOutputParam.hbm.xml::WFDriverOutputParam.hbm.xml::name=""driverOutputParamID""::15","powerstone\web\WEB-INF\views\flow_driver\driverOutputEnumeForm.jsp::driverOutputEnumeForm.jsp::<c:if test=""${not empty driverOutputParamID}"">::37",,,,,,,,,,,,,,,,,,,,
nodeBindingID,FlowNodeBinding::powerstone\\src\\org\\powerstone\\workflow\\model\\FlowNodeBinding.java::private Long nodeBindingID = new Long( -1);,3,powerstone\src\org\powerstone\workflow\model\FlowTask.hbm.xml::FlowTask.hbm.xml::select task from FlowTask task join task.flowNodeBinding node where node.nodeBindingID = ? and task.taskState = ?::176,"powerstone\web\WEB-INF\views\flow_performer\configNodePerformer.jsp::configNodePerformer.jsp::value='<c:out value=""${nodeBinding.nodeBindingID}""/>' />::116","powerstone\src\org\powerstone\workflow\model\FlowNodeBinding.hbm.xml::FlowNodeBinding.hbm.xml::name=""nodeBindingID""::15",,,,,,,,,,,,,,,,,,,,,,,,
groupName,Group::powerstone\\src\\org\\powerstone\\ca\\model\\Group.java::private String groupName;,4,"powerstone\src\org\powerstone\ca\model\Group.hbm.xml::Group.hbm.xml::name=""groupName""::30","powerstone\web\WEB-INF\validation.xml::validation.xml::<field property=""groupName"" depends=""required*maxlength"">::9","powerstone\web\WEB-INF\views\user_group\groupForm.jsp::groupForm.jsp::<spring:bind path=""group.groupName"">::51",,,,,,,,,,,,,,,,,,,,,,,,
roleName,Role::powerstone\\src\\org\\powerstone\\ca\\model\\Role.java::private String roleName;,4,"powerstone\web\WEB-INF\views\flow_performer\configNodePerformer.jsp::configNodePerformer.jsp::* <c:out value=""${currRole.roleName}""/>::148","powerstone\web\WEB-INF\validation.xml::validation.xml::<field property=""roleName"" depends=""required*maxlength"">::57","powerstone\web\WEB-INF\views\role_manage\roleForm.jsp::roleForm.jsp::<spring:bind path=""role.roleName"">::42","powerstone\src\org\powerstone\ca\model\Role.hbm.xml::Role.hbm.xml::name=""roleName""::30",,,,,,,,,,,,,,,,,,,,,,,
webModule,Resource::powerstone\\src\\org\\powerstone\\ca\\model\\Resource.java::private WebModule webModule;,1,"powerstone\src\org\powerstone\ca\model\Resource.hbm.xml::Resource.hbm.xml::name=""webModule""::56",,,,,,,,,,,,,,,,,,,,,,,,,,
resourceName,Resource::powerstone\\src\\org\\powerstone\\ca\\model\\Resource.java::private String resourceName;,4,"powerstone\src\org\powerstone\ca\model\Resource.hbm.xml::Resource.hbm.xml::name=""resourceName""::39","powerstone\web\WEB-INF\views\resource_manage\resourceForm.jsp::resourceForm.jsp::<spring:bind path=""resource.resourceName"">::60","powerstone\web\WEB-INF\validation.xml::validation.xml::<field property=""resourceName"" depends=""required*maxlength*minlength"">::96",powerstone\src\org\powerstone\ca\model\Resource.hbm.xml::Resource.hbm.xml::select rs from Resource as rs where rs.resourceName=?::81,,,,,,,,,,,,,,,,,,,,,,,
flowFileInUse,WorkflowMeta::powerstone\\src\\org\\powerstone\\workflow\\model\\WorkflowMeta.java::private FlowMetaFile flowFileInUse;,5,"powerstone\src\org\powerstone\workflow\model\WorkflowMeta.hbm.xml::WorkflowMeta.hbm.xml::name=""flowFileInUse""::30","powerstone\web\WEB-INF\views\flow_meta\seeFlowMeta.jsp::seeFlowMeta.jsp::<fmt:message key=""flowMeta.process_name""/><c:out value=""${workflowMeta.flowFileInUse.flowMetaName}""/>::175","powerstone\web\WEB-INF\views\business_type\listAllBusinessTypes.jsp::listAllBusinessTypes.jsp::<c:out value=""${flowMeta.flowFileInUse.flowMetaName}""/>::100","powerstone\web\WEB-INF\views\business_type\listAllBusinessTypes.jsp::listAllBusinessTypes.jsp::<c:out value=""${flowMeta.flowFileInUse.flowMetaName}""/>::122","powerstone\web\WEB-INF\views\flow_meta\seeFlowMeta.jsp::seeFlowMeta.jsp::<fmt:message key=""flowMeta.create_time""/><c:out value=""${workflowMeta.flowFileInUse.createdTime}""/>::178",,,,,,,,,,,,,,,,,,,,,,
actionURL,Resource::powerstone\\src\\org\\powerstone\\ca\\model\\Resource.java::private String actionURL;,3,"powerstone\web\WEB-INF\validation.xml::validation.xml::<field property=""actionURL"" depends=""required*mask*maxlength"">::107","powerstone\src\org\powerstone\ca\model\Resource.hbm.xml::Resource.hbm.xml::name=""actionURL""::48","powerstone\web\WEB-INF\views\resource_manage\resourceForm.jsp::resourceForm.jsp::<spring:bind path=""resource.actionURL"">::71",,,,,,,,,,,,,,,,,,,,,,,,
flowDriverName,WorkflowDriver::powerstone\\src\\org\\powerstone\\workflow\\model\\WorkflowDriver.java::private String flowDriverName;,4,"powerstone\web\WEB-INF\validation.xml::validation.xml::<field property=""flowDriverName"" depends=""required*maxlength"">::120","powerstone\web\WEB-INF\views\flow_driver\driverForm.jsp::driverForm.jsp::<spring:bind path=""driver.flowDriverName"">::38","powerstone\src\org\powerstone\workflow\model\WorkflowDriver.hbm.xml::WorkflowDriver.hbm.xml::name=""flowDriverName""::30","powerstone\web\WEB-INF\views\flow_driver\listDriversToDeploy.jsp::listDriversToDeploy.jsp::<c:out value=""${theDriver.flowDriverName}""/>::30",,,,,,,,,,,,,,,,,,,,,,,
driverOutputParamEnumeValue,WFDriverOutputParamEnume::powerstone\\src\\org\\powerstone\\workflow\\model\\WFDriverOutputParamEnume.java::private String driverOutputParamEnumeValue;,4,"powerstone\web\WEB-INF\views\flow_driver\seeDriverDetail.jsp::seeDriverDetail.jsp::<c:out value=""${theOutputParamEnume.driverOutputParamEnumeValue}""/>::72","powerstone\web\WEB-INF\validation.xml::validation.xml::<field property=""driverOutputParamEnumeValue"" depends=""required"">::167","powerstone\src\org\powerstone\workflow\model\WFDriverOutputParamEnume.hbm.xml::WFDriverOutputParamEnume.hbm.xml::name=""driverOutputParamEnumeValue""::38","powerstone\web\WEB-INF\views\flow_driver\driverOutputEnumeForm.jsp::driverOutputEnumeForm.jsp::<spring:bind path=""driverOutputEnume.driverOutputParamEnumeValue"">::44",,,,,,,,,,,,,,,,,,,,,,,
performerDetail,FlowNodeBinding::powerstone\\src\\org\\powerstone\\workflow\\model\\FlowNodeBinding.java::private String performerDetail;,5,"powerstone\web\WEB-INF\views\flow_performer\configNodePerformer.jsp::configNodePerformer.jsp::<c:if test=""${currNode.nodeID eq nodeBinding.performerDetail}"">::233","powerstone\web\WEB-INF\views\flow_performer\configNodePerformer.jsp::configNodePerformer.jsp::<c:if test=""${currNode.nodeID eq nodeBinding.performerDetail}"">::199","powerstone\web\WEB-INF\views\flow_performer\configNodePerformer.jsp::configNodePerformer.jsp::<c:if test=""${empty nodeBinding.performerDetail}"">::225","powerstone\src\org\powerstone\workflow\model\FlowNodeBinding.hbm.xml::FlowNodeBinding.hbm.xml::name=""performerDetail""::54","powerstone\web\WEB-INF\views\flow_performer\configNodePerformer.jsp::configNodePerformer.jsp::<c:if test=""${empty nodeBinding.performerDetail}"">::192",,,,,,,,,,,,,,,,,,,,,,
flowDeployName,FlowDeploy::powerstone\\src\\org\\powerstone\\workflow\\model\\FlowDeploy.java::private String flowDeployName;,3,"powerstone\web\WEB-INF\validation.xml::validation.xml::<field property=""flowDeployName"" depends=""required*maxlength"">::181","powerstone\src\org\powerstone\workflow\model\FlowDeploy.hbm.xml::FlowDeploy.hbm.xml::name=""flowDeployName""::30","powerstone\web\WEB-INF\views\flow_deploy\flowDeployForm.jsp::flowDeployForm.jsp::<spring:bind path=""flowDeploy.flowDeployName"">::45",,,,,,,,,,,,,,,,,,,,,,,,
flowMetaName,FlowMetaFile::powerstone\\src\\org\\powerstone\\workflow\\model\\FlowMetaFile.java::private String flowMetaName;,4,"powerstone\web\WEB-INF\views\flow_meta\seeFlowMeta.jsp::seeFlowMeta.jsp::<fmt:message key=""flowMeta.process_name""/><c:out value=""${workflowMeta.flowFileInUse.flowMetaName}""/>::175","powerstone\web\WEB-INF\views\business_type\listAllBusinessTypes.jsp::listAllBusinessTypes.jsp::<c:out value=""${flowMeta.flowFileInUse.flowMetaName}""/>::100","powerstone\web\WEB-INF\views\business_type\listAllBusinessTypes.jsp::listAllBusinessTypes.jsp::<c:out value=""${flowMeta.flowFileInUse.flowMetaName}""/>::122","powerstone\src\org\powerstone\workflow\model\FlowMetaFile.hbm.xml::FlowMetaFile.hbm.xml::name=""flowMetaName""::38",,,,,,,,,,,,,,,,,,,,,,,
taskRefuses,FlowTask::powerstone\\src\\org\\powerstone\\workflow\\model\\FlowTask.java::private List taskRefuses = new ArrayList();,1,"powerstone\src\org\powerstone\workflow\model\FlowTask.hbm.xml::FlowTask.hbm.xml::name=""taskRefuses""::144",,,,,,,,,,,,,,,,,,,,,,,,,,
resourceCache,AcegiCacheManager::powerstone\\src\\org\\powerstone\\acegi\\cache\\AcegiCacheManager.java::private ResourceCache resourceCache;,1,"powerstone\web\WEB-INF\acegi_context.xml::acegi_context.xml::<property name=""resourceCache"" ref=""resourceCache"" />::355",,,,,,,,,,,,,,,,,,,,,,,,,,
writeURL,WorkflowDriver::powerstone\\src\\org\\powerstone\\workflow\\model\\WorkflowDriver.java::private String writeURL;,4,"powerstone\web\WEB-INF\views\flow_driver\driverForm.jsp::driverForm.jsp::<spring:bind path=""driver.writeURL"">::65","powerstone\src\org\powerstone\workflow\model\WorkflowDriver.hbm.xml::WorkflowDriver.hbm.xml::name=""writeURL""::52",powerstone\src\org\powerstone\workflow\model\WorkflowDriver.hbm.xml::WorkflowDriver.hbm.xml::from WorkflowDriver wd where wd.contextPath = ? and wd.writeURL = ?::118,"powerstone\web\WEB-INF\validation.xml::validation.xml::<field property=""writeURL"" depends=""required*mask"">::127",,,,,,,,,,,,,,,,,,,,,,,
token,UserToken::powerstone\\src\\org\\powerstone\\ca\\model\\UserToken.java::private String token;,2,"powerstone\src\org\powerstone\ca\model\UserToken.hbm.xml::UserToken.hbm.xml::name=""token""::30",powerstone\src\org\powerstone\ca\model\UserToken.hbm.xml::UserToken.hbm.xml::select ut from UserToken as ut where ut.token = ? and ut.ipAddress = ?::77,,,,,,,,,,,,,,,,,,,,,,,,,
taskCandidateUserID,NewTask::powerstone\\src\\org\\powerstone\\workflow\\model\\NewTask.java::private String taskCandidateUserID;,4,powerstone\src\org\powerstone\workflow\model\FlowTask.hbm.xml::FlowTask.hbm.xml::select task from NewTask nt join nt.flowTask task join task.flowNodeBinding.flowDeploy.workflowMeta.businessType bt where nt.taskCandidateUserID = ? and bt.typeID = ? and task.taskState in(?) order by task.createTime desc::209,powerstone\src\org\powerstone\workflow\model\FlowTask.hbm.xml::FlowTask.hbm.xml::select count(*) from NewTask nt join nt.flowTask task join task.flowNodeBinding.flowDeploy.workflowMeta.businessType bt where nt.taskCandidateUserID = ? and task.taskState in(?) and bt.typeID = ?::203,"powerstone\src\org\powerstone\workflow\model\NewTask.hbm.xml::NewTask.hbm.xml::name=""taskCandidateUserID""::38",powerstone\src\org\powerstone\workflow\model\FlowTask.hbm.xml::FlowTask.hbm.xml::select bt.typeID*count(*) from NewTask nt join nt.flowTask task join task.flowNodeBinding.flowDeploy.workflowMeta.businessType bt where nt.taskCandidateUserID = ? and task.taskState in (?) group by bt::179,,,,,,,,,,,,,,,,,,,,,,,
readURL,WorkflowDriver::powerstone\\src\\org\\powerstone\\workflow\\model\\WorkflowDriver.java::private String readURL;,4,"powerstone\src\org\powerstone\workflow\model\WorkflowDriver.hbm.xml::WorkflowDriver.hbm.xml::name=""readURL""::45","powerstone\web\WEB-INF\views\work_list\showExecutingTask.jsp::showExecutingTask.jsp::src='<c:out value=""${flowDriver.contextPath}""/>/<c:out value=""${flowDriver.readURL}""/>?<c:out value=""${taskIDParamName}""/>=<c:out value=""${taskID}""/>'::37",powerstone\src\org\powerstone\workflow\model\WorkflowDriver.hbm.xml::WorkflowDriver.hbm.xml::from WorkflowDriver wd where wd.contextPath = ? and wd.readURL = ?::115,"powerstone\web\WEB-INF\views\flow_driver\driverForm.jsp::driverForm.jsp::<spring:bind path=""driver.readURL"">::56",,,,,,,,,,,,,,,,,,,,,,,
webModuleName,WebModule::powerstone\\src\\org\\powerstone\\ca\\model\\WebModule.java::private String webModuleName;,3,"powerstone\web\WEB-INF\views\resource_manage\webModuleForm.jsp::webModuleForm.jsp::<spring:bind path=""webModule.webModuleName"">::48","powerstone\src\org\powerstone\ca\model\WebModule.hbm.xml::WebModule.hbm.xml::name=""webModuleName""::30","powerstone\web\WEB-INF\validation.xml::validation.xml::<field property=""webModuleName"" depends=""required*maxlength"">::66",,,,,,,,,,,,,,,,,,,,,,,,
authenticationService,AcegiCacheManager::powerstone\\src\\org\\powerstone\\acegi\\cache\\AcegiCacheManager.java::private AuthenticationService authenticationService;,1,"powerstone\web\WEB-INF\acegi_context.xml::acegi_context.xml::<property name=""authenticationService""::356",,,,,,,,,,,,,,,,,,,,,,,,,,
flowMetaFileDAO,FlowMetaManagerImpl::powerstone\\src\\org\\powerstone\\workflow\\service\\impl\\FlowMetaManagerImpl.java::private FlowMetaFileDAO flowMetaFileDAO;,1,"powerstone\web\WEB-INF\workflow_service_context.xml::workflow_service_context.xml::<property name=""flowMetaFileDAO"">::64",,,,,,,,,,,,,,,,,,,,,,,,,,
workflowDriverDAO,WorkflowDriverManagerImpl::powerstone\\src\\org\\powerstone\\workflow\\service\\impl\\WorkflowDriverManagerImpl.java::private WorkflowDriverDAO workflowDriverDAO;,1,"powerstone\web\WEB-INF\workflow_service_context.xml::workflow_service_context.xml::<property name=""workflowDriverDAO"">::92",,,,,,,,,,,,,,,,,,,,,,,,,,
tasksNum,BusinessType::powerstone\\src\\org\\powerstone\\workflow\\model\\BusinessType.java::private Integer tasksNum;,3,"powerstone\web\WEB-INF\views\work_list\listTaskKinds.jsp::listTaskKinds.jsp::<c:out value=""${businessType1.tasksNum}""/></font>)::63","powerstone\web\WEB-INF\views\work_list\listTaskKinds.jsp::listTaskKinds.jsp::<c:out value=""${businessType.tasksNum}""/></font>)::80","powerstone\web\WEB-INF\views\work_list\listTaskKinds.jsp::listTaskKinds.jsp::<c:out value=""${businessType.tasksNum}""/></font>)::120",,,,,,,,,,,,,,,,,,,,,,,,
driverInputParamID,WFDriverInputParam::powerstone\\src\\org\\powerstone\\workflow\\model\\WFDriverInputParam.java::private Long driverInputParamID = new Long( -1);,3,"powerstone\web\WEB-INF\views\flow_driver\seeDriverDetail.jsp::seeDriverDetail.jsp::onclick=""deleteInputParam('<c:out value=""${theDriver.flowDriverID}""/>'*'<c:out value=""${theInputParam.driverInputParamID}""/>')""::30","powerstone\web\WEB-INF\views\flow_driver\driverInputForm.jsp::driverInputForm.jsp::<spring:bind path=""driverInput.driverInputParamID"">::31","powerstone\src\org\powerstone\workflow\model\WFDriverInputParam.hbm.xml::WFDriverInputParam.hbm.xml::name=""driverInputParamID""::15",,,,,,,,,,,,,,,,,,,,,,,,
nodeName,WorkflowNode::powerstone\\src\\org\\powerstone\\workflow\\model\\WorkflowNode.java::private String nodeName;,3,"powerstone\web\WEB-INF\views\flow_deploy\listFlowNodes.jsp::listFlowNodes.jsp::<c:out value=""${theNode.nodeName}""/>::49","powerstone\web\WEB-INF\views\flow_performer\configNodePerformer.jsp::configNodePerformer.jsp::* <c:out value=""${currNode.nodeName}""/>::237","powerstone\web\WEB-INF\views\flow_performer\configNodePerformer.jsp::configNodePerformer.jsp::* <c:out value=""${currNode.nodeName}""/>::202",,,,,,,,,,,,,,,,,,,,,,,,
driverOutputParamEnumeID,WFDriverOutputParamEnume::powerstone\\src\\org\\powerstone\\workflow\\model\\WFDriverOutputParamEnume.java::private Long driverOutputParamEnumeID = new Long( -1);,3,"powerstone\src\org\powerstone\workflow\model\WFDriverOutputParamEnume.hbm.xml::WFDriverOutputParamEnume.hbm.xml::name=""driverOutputParamEnumeID""::15","powerstone\web\WEB-INF\views\flow_driver\seeDriverDetail.jsp::seeDriverDetail.jsp::<option value='<c:out value=""${theOutputParamEnume.driverOutputParamEnumeID}""/>'>::71","powerstone\web\WEB-INF\views\flow_driver\driverOutputEnumeForm.jsp::driverOutputEnumeForm.jsp::<spring:bind path=""driverOutputEnume.driverOutputParamEnumeID"">::32",,,,,,,,,,,,,,,,,,,,,,,,
ipAddress,UserToken::powerstone\\src\\org\\powerstone\\ca\\model\\UserToken.java::private String ipAddress;,3,"powerstone\src\org\powerstone\ca\model\UserToken.hbm.xml::UserToken.hbm.xml::name=""ipAddress""::45",powerstone\src\org\powerstone\ca\model\UserToken.hbm.xml::UserToken.hbm.xml::select ut from UserToken as ut where ut.userID = ? and ut.ipAddress = ?::83,powerstone\src\org\powerstone\ca\model\UserToken.hbm.xml::UserToken.hbm.xml::select ut from UserToken as ut where ut.token = ? and ut.ipAddress = ?::77,,,,,,,,,,,,,,,,,,,,,,,,
filterInvocationDefinitionSource,AuthenticationUtil::powerstone\\src\\org\\powerstone\\acegi\\util\\AuthenticationUtil.java::FilterInvocationDefinitionSource filterInvocationDefinitionSource;,1,"powerstone\web\WEB-INF\acegi_context.xml::acegi_context.xml::<property name=""filterInvocationDefinitionSource"" ref=""filterDefinitionSource"" />::273",,,,,,,,,,,,,,,,,,,,,,,,,,
overTime,FlowTask::powerstone\\src\\org\\powerstone\\workflow\\model\\FlowTask.java::private String overTime;,2,"powerstone\src\org\powerstone\workflow\model\FlowTask.hbm.xml::FlowTask.hbm.xml::name=""overTime""::53",powerstone\src\org\powerstone\workflow\model\FlowTask.hbm.xml::FlowTask.hbm.xml::select task from FlowTaskUser tu join tu.flowTask task join tu.flowTask.flowNodeBinding.flowDeploy.workflowMeta.businessType bt where tu.userID = ? and bt.typeID = ? and task.taskState in(?) order by task.overTime desc::218,,,,,,,,,,,,,,,,,,,,,,,,,
wfDriverOutputParams,WorkflowDriver::powerstone\\src\\org\\powerstone\\workflow\\model\\WorkflowDriver.java::private java.util.List wfDriverOutputParams = new ArrayList();,2,"powerstone\src\org\powerstone\workflow\model\WorkflowDriver.hbm.xml::WorkflowDriver.hbm.xml::name=""wfDriverOutputParams""::67","powerstone\web\WEB-INF\views\flow_driver\seeDriverDetail.jsp::seeDriverDetail.jsp::<c:forEach items=""${theDriver.wfDriverOutputParams}"" var=""theOutputParam"">::51",,,,,,,,,,,,,,,,,,,,,,,,,
newTasks,FlowTask::powerstone\\src\\org\\powerstone\\workflow\\model\\FlowTask.java::private List newTasks = new ArrayList();,1,"powerstone\src\org\powerstone\workflow\model\FlowTask.hbm.xml::FlowTask.hbm.xml::name=""newTasks""::127",,,,,,,,,,,,,,,,,,,,,,,,,,
sendEmail,FlowTask::powerstone\\src\\org\\powerstone\\workflow\\model\\FlowTask.java::private Integer sendEmail = NEW_TASK_NOT_EMAILED;,2,"powerstone\src\org\powerstone\workflow\model\FlowTask.hbm.xml::FlowTask.hbm.xml::name=""sendEmail""::161",powerstone\src\org\powerstone\workflow\model\FlowTask.hbm.xml::FlowTask.hbm.xml::select task from FlowTask task where task.taskState in (?) and task.sendEmail = ?::197,,,,,,,,,,,,,,,,,,,,,,,,,
wfDriverInputParams,WorkflowDriver::powerstone\\src\\org\\powerstone\\workflow\\model\\WorkflowDriver.java::private java.util.List wfDriverInputParams = new ArrayList();,2,"powerstone\web\WEB-INF\views\flow_driver\seeDriverDetail.jsp::seeDriverDetail.jsp::<c:forEach var=""theInputParam"" items=""${theDriver.wfDriverInputParams}"">::26","powerstone\src\org\powerstone\workflow\model\WorkflowDriver.hbm.xml::WorkflowDriver.hbm.xml::name=""wfDriverInputParams""::84",,,,,,,,,,,,,,,,,,,,,,,,,
createdTime,FlowMetaFile::powerstone\\src\\org\\powerstone\\workflow\\model\\FlowMetaFile.java::private String createdTime;,2,"powerstone\src\org\powerstone\workflow\model\FlowMetaFile.hbm.xml::FlowMetaFile.hbm.xml::name=""createdTime""::46","powerstone\web\WEB-INF\views\flow_meta\seeFlowMeta.jsp::seeFlowMeta.jsp::<fmt:message key=""flowMeta.create_time""/><c:out value=""${workflowMeta.flowFileInUse.createdTime}""/>::178",,,,,,,,,,,,,,,,,,,,,,,,,
driverOutputParamEnumes,WFDriverOutputParam::powerstone\\src\\org\\powerstone\\workflow\\model\\WFDriverOutputParam.java::private List driverOutputParamEnumes = new ArrayList();,2,"powerstone\web\WEB-INF\views\flow_driver\seeDriverDetail.jsp::seeDriverDetail.jsp::<c:forEach items=""${theOutputParam.driverOutputParamEnumes}""::69","powerstone\src\org\powerstone\workflow\model\WFDriverOutputParam.hbm.xml::WFDriverOutputParam.hbm.xml::name=""driverOutputParamEnumes""::54",,,,,,,,,,,,,,,,,,,,,,,,,
workflowMetas,BusinessType::powerstone\\src\\org\\powerstone\\workflow\\model\\BusinessType.java::private List workflowMetas = new ArrayList();,2,"powerstone\web\WEB-INF\views\business_type\listAllBusinessTypes.jsp::listAllBusinessTypes.jsp::<c:forEach items=""${businessType.workflowMetas}"" var=""flowMeta"" varStatus=""idee"">::93","powerstone\src\org\powerstone\workflow\model\BusinessType.hbm.xml::BusinessType.hbm.xml::name=""workflowMetas""::39",,,,,,,,,,,,,,,,,,,,,,,,,
alt,"HasRightToDoTag::powerstone\\src\\org\\powerstone\\ca\\tags\\HasRightToDoTag.java::protected String alt = """";",1,powerstone\web\WEB-INF\powerstone-ca.tld::powerstone-ca.tld::<name>alt</name>::18,,,,,,,,,,,,,,,,,,,,,,,,,,
flowDeploies,WorkflowMeta::powerstone\\src\\org\\powerstone\\workflow\\model\\WorkflowMeta.java::private List flowDeploies = new ArrayList();,1,"powerstone\src\org\powerstone\workflow\model\WorkflowMeta.hbm.xml::WorkflowMeta.hbm.xml::name=""flowDeploies""::56",,,,,,,,,,,,,,,,,,,,,,,,,,
lastAccessTime,UserToken::powerstone\\src\\org\\powerstone\\ca\\model\\UserToken.java::private String lastAccessTime;,2,"powerstone\src\org\powerstone\ca\model\UserToken.hbm.xml::UserToken.hbm.xml::name=""lastAccessTime""::61",powerstone\src\org\powerstone\ca\model\UserToken.hbm.xml::UserToken.hbm.xml::select ut from UserToken as ut where ut.lastAccessTime < ?::80,,,,,,,,,,,,,,,,,,,,,,,,,
linkFlowProc,FlowProc::powerstone\\src\\org\\powerstone\\workflow\\model\\FlowProc.java::private FlowProc linkFlowProc;,1,"powerstone\src\org\powerstone\workflow\model\FlowProc.hbm.xml::FlowProc.hbm.xml::name=""linkFlowProc""::46",,,,,,,,,,,,,,,,,,,,,,,,,,
flowUserPerformers,FlowNodeBinding::powerstone\\src\\org\\powerstone\\workflow\\model\\FlowNodeBinding.java::private List flowUserPerformers = new ArrayList();,1,"powerstone\src\org\powerstone\workflow\model\FlowNodeBinding.hbm.xml::FlowNodeBinding.hbm.xml::name=""flowUserPerformers""::70",,,,,,,,,,,,,,,,,,,,,,,,,,
refuseFor,FlowTaskRefuse::powerstone\\src\\org\\powerstone\\workflow\\model\\FlowTaskRefuse.java::private String refuseFor;,1,"powerstone\src\org\powerstone\workflow\model\FlowTaskRefuse.hbm.xml::FlowTaskRefuse.hbm.xml::name=""refuseFor""::30",,,,,,,,,,,,,,,,,,,,,,,,,,
flowFileVersions,WorkflowMeta::powerstone\\src\\org\\powerstone\\workflow\\model\\WorkflowMeta.java::private List flowFileVersions = new ArrayList();,1,"powerstone\src\org\powerstone\workflow\model\WorkflowMeta.hbm.xml::WorkflowMeta.hbm.xml::name=""flowFileVersions""::39",,,,,,,,,,,,,,,,,,,,,,,,,,
accessDecisionVoter,AuthenticationUtil::powerstone\\src\\org\\powerstone\\acegi\\util\\AuthenticationUtil.java::AccessDecisionVoter accessDecisionVoter;,1,"powerstone\web\WEB-INF\acegi_context.xml::acegi_context.xml::<property name=""accessDecisionVoter"" ref=""roleVoter""/>::272",,,,,,,,,,,,,,,,,,,,,,,,,,
flowNodeOutputParamEnumeBindings,FlowNodeOutputParamBinding::powerstone\\src\\org\\powerstone\\workflow\\model\\FlowNodeOutputParamBinding.java::private List flowNodeOutputParamEnumeBindings = new ArrayList();,1,"powerstone\src\org\powerstone\workflow\model\FlowNodeOutputParamBinding.hbm.xml::FlowNodeOutputParamBinding.hbm.xml::name=""flowNodeOutputParamEnumeBindings""::46",,,,,,,,,,,,,,,,,,,,,,,,,,
webModules,User::powerstone\\src\\org\\powerstone\\ca\\model\\User.java::private List webModules = new ArrayList();,1,"powerstone\src\org\powerstone\ca\model\User.hbm.xml::User.hbm.xml::name=""webModules""::143",,,,,,,,,,,,,,,,,,,,,,,,,,
flowProcTransitions,FlowProcTransaction::powerstone\\src\\org\\powerstone\\workflow\\model\\FlowProcTransaction.java::private List flowProcTransitions = new ArrayList();,1,"powerstone\src\org\powerstone\workflow\model\FlowProcTransaction.hbm.xml::FlowProcTransaction.hbm.xml::name=""flowProcTransitions""::38",,,,,,,,,,,,,,,,,,,,,,,,,,
starterUserID,FlowProc::powerstone\\src\\org\\powerstone\\workflow\\model\\FlowProc.java::private String starterUserID;,1,"powerstone\src\org\powerstone\workflow\model\FlowProc.hbm.xml::FlowProc.hbm.xml::name=""starterUserID""::54",,,,,,,,,,,,,,,,,,,,,,,,,,
taskRoles,FlowTask::powerstone\\src\\org\\powerstone\\workflow\\model\\FlowTask.java::private List taskRoles = new ArrayList();,1,"powerstone\src\org\powerstone\workflow\model\FlowTask.hbm.xml::FlowTask.hbm.xml::name=""taskRoles""::93",,,,,,,,,,,,,,,,,,,,,,,,,,
wfDriverOutputParamEnume,FlowNodeOutputParamEnumeBinding::powerstone\\src\\org\\powerstone\\workflow\\model\\FlowNodeOutputParamEnumeBinding.java::private WFDriverOutputParamEnume wfDriverOutputParamEnume;,1,"powerstone\src\org\powerstone\workflow\model\FlowNodeOutputParamEnumeBinding.hbm.xml::FlowNodeOutputParamEnumeBinding.hbm.xml::name=""wfDriverOutputParamEnume""::46",,,,,,,,,,,,,,,,,,,,,,,,,,
lobHandler,FlowMetaFileDAOJDBC::powerstone\\src\\org\\powerstone\\workflow\\dao\\jdbc\\FlowMetaFileDAOJDBC.java::private LobHandler lobHandler;,1,"powerstone\web\WEB-INF\workflow_service_context.xml::workflow_service_context.xml::<property name=""lobHandler"">::27",,,,,,,,,,,,,,,,,,,,,,,,,,
flowNodeInputParamBindings,FlowNodeBinding::powerstone\\src\\org\\powerstone\\workflow\\model\\FlowNodeBinding.java::private List flowNodeInputParamBindings = new ArrayList();,1,"powerstone\src\org\powerstone\workflow\model\FlowNodeBinding.hbm.xml::FlowNodeBinding.hbm.xml::name=""flowNodeInputParamBindings""::121",,,,,,,,,,,,,,,,,,,,,,,,,,
flowNodeOutputParamBindings,FlowNodeBinding::powerstone\\src\\org\\powerstone\\workflow\\model\\FlowNodeBinding.java::private List flowNodeOutputParamBindings = new ArrayList();,1,"powerstone\src\org\powerstone\workflow\model\FlowNodeBinding.hbm.xml::FlowNodeBinding.hbm.xml::name=""flowNodeOutputParamBindings""::104",,,,,,,,,,,,,,,,,,,,,,,,,,
driverParamValue,FlowProcRelativeData::powerstone\\src\\org\\powerstone\\workflow\\model\\FlowProcRelativeData.java::private String driverParamValue;,1,"powerstone\src\org\powerstone\workflow\model\FlowProcRelativeData.hbm.xml::FlowProcRelativeData.hbm.xml::name=""driverParamValue""::46",,,,,,,,,,,,,,,,,,,,,,,,,,
sex,User::powerstone\\src\\org\\powerstone\\ca\\model\\User.java::private String sex;,1,"powerstone\src\org\powerstone\ca\model\User.hbm.xml::User.hbm.xml::name=""sex""::55",,,,,,,,,,,,,,,,,,,,,,,,,,
currentState,FlowDeploy::powerstone\\src\\org\\powerstone\\workflow\\model\\FlowDeploy.java::private String currentState;,1,"powerstone\src\org\powerstone\workflow\model\FlowDeploy.hbm.xml::FlowDeploy.hbm.xml::name=""currentState""::46",,,,,,,,,,,,,,,,,,,,,,,,,,
fmf,FlowMetaFileDAOTest::powerstone\\test\\org\\powerstone\\workflow\\dao\\FlowMetaFileDAOTest.java::FlowMetaFile fmf;,1,powerstone\src\org\powerstone\workflow\model\FlowMetaFile.hbm.xml::FlowMetaFile.hbm.xml::from FlowMetaFile fmf order by fmf.flowFileID asc::62,,,,,,,,,,,,,,,,,,,,,,,,,,
flowProcs,FlowDeploy::powerstone\\src\\org\\powerstone\\workflow\\model\\FlowDeploy.java::private List flowProcs = new ArrayList();,1,"powerstone\src\org\powerstone\workflow\model\FlowDeploy.hbm.xml::FlowDeploy.hbm.xml::name=""flowProcs""::86",,,,,,,,,,,,,,,,,,,,,,,,,,
logOnTime,UserToken::powerstone\\src\\org\\powerstone\\ca\\model\\UserToken.java::private String logOnTime;,1,"powerstone\src\org\powerstone\ca\model\UserToken.hbm.xml::UserToken.hbm.xml::name=""logOnTime""::53",,,,,,,,,,,,,,,,,,,,,,,,,,
flowDriverManager,WorkflowEngineImpl::powerstone\\src\\org\\powerstone\\workflow\\service\\impl\\WorkflowEngineImpl.java::private WorkflowDriverManager flowDriverManager;,1,"powerstone\web\WEB-INF\workflow_engine_context.xml::workflow_engine_context.xml::<property name=""flowDriverManager""><ref bean=""workflowDriverManager""/></property>::29",,,,,,,,,,,,,,,,,,,,,,,,,,
transactionID,FlowProcTransaction::powerstone\\src\\org\\powerstone\\workflow\\model\\FlowProcTransaction.java::private Long transactionID = new Long( -1);,1,"powerstone\src\org\powerstone\workflow\model\FlowProcTransaction.hbm.xml::FlowProcTransaction.hbm.xml::name=""transactionID""::15",,,,,,,,,,,,,,,,,,,,,,,,,,
targetBeanName,AcegiCacheManagerFactoryBean::powerstone\\src\\org\\powerstone\\acegi\\cache\\AcegiCacheManagerFactoryBean.java::String targetBeanName;,1,"powerstone\web\WEB-INF\acegi_context.xml::acegi_context.xml::<property name=""targetBeanName"" value=""acegiCacheManagerTarget"" />::349",,,,,,,,,,,,,,,,,,,,,,,,,,
parentGroup,Group::powerstone\\src\\org\\powerstone\\ca\\model\\Group.java::private Group parentGroup;,1,"powerstone\src\org\powerstone\ca\model\Group.hbm.xml::Group.hbm.xml::name=""parentGroup""::45",,,,,,,,,,,,,,,,,,,,,,,,,,
flowProcTransactions,FlowProc::powerstone\\src\\org\\powerstone\\workflow\\model\\FlowProc.java::private java.util.List flowProcTransactions = new ArrayList();,1,"powerstone\src\org\powerstone\workflow\model\FlowProc.hbm.xml::FlowProc.hbm.xml::name=""flowProcTransactions""::96",,,,,,,,,,,,,,,,,,,,,,,,,,
flowTasks,FlowProcTransaction::powerstone\\src\\org\\powerstone\\workflow\\model\\FlowProcTransaction.java::private List flowTasks = new ArrayList();,1,"powerstone\src\org\powerstone\workflow\model\FlowProcTransaction.hbm.xml::FlowProcTransaction.hbm.xml::name=""flowTasks""::55",,,,,,,,,,,,,,,,,,,,,,,,,,
childGroups,Group::powerstone\\src\\org\\powerstone\\ca\\model\\Group.java::private List childGroups = new ArrayList();,1,"powerstone\src\org\powerstone\ca\model\Group.hbm.xml::Group.hbm.xml::name=""childGroups""::90",,,,,,,,,,,,,,,,,,,,,,,,,,
linkedFlowProcs,FlowProc::powerstone\\src\\org\\powerstone\\workflow\\model\\FlowProc.java::private java.util.List linkedFlowProcs = new ArrayList();,1,"powerstone\src\org\powerstone\workflow\model\FlowProc.hbm.xml::FlowProc.hbm.xml::name=""linkedFlowProcs""::79",,,,,,,,,,,,,,,,,,,,,,,,,,
taskAssigners,FlowTask::powerstone\\src\\org\\powerstone\\workflow\\model\\FlowTask.java::private List taskAssigners = new ArrayList();,1,"powerstone\src\org\powerstone\workflow\model\FlowTask.hbm.xml::FlowTask.hbm.xml::name=""taskAssigners""::110",,,,,,,,,,,,,,,,,,,,,,,,,,
facePage,WebModule::powerstone\\src\\org\\powerstone\\ca\\model\\WebModule.java::private String facePage;,1,"powerstone\src\org\powerstone\ca\model\WebModule.hbm.xml::WebModule.hbm.xml::name=""facePage""::39",,,,,,,,,,,,,,,,,,,,,,,,,,
authoritiesByResourceQuery,DaoAuthenticationService::powerstone\\src\\org\\powerstone\\acegi\\service\\DaoAuthenticationService.java::private String authoritiesByResourceQuery;,1,"powerstone\web\WEB-INF\acegi_context.xml::acegi_context.xml::<property name=""authoritiesByResourceQuery"">::305",,,,,,,,,,,,,,,,,,,,,,,,,,
workflowFile,FlowMetaFileStore::powerstone\\src\\org\\powerstone\\workflow\\model\\FlowMetaFileStore.java::private java.sql.Blob workflowFile;,1,"powerstone\src\org\powerstone\workflow\model\FlowMetaFileStore.hbm.xml::FlowMetaFileStore.hbm.xml::name=""workflowFile""::37",,,,,,,,,,,,,,,,,,,,,,,,,,
fromNodeID,FlowProcTransition::powerstone\\src\\org\\powerstone\\workflow\\model\\FlowProcTransition.java::private String fromNodeID;,1,"powerstone\src\org\powerstone\workflow\model\FlowProcTransition.hbm.xml::FlowProcTransition.hbm.xml::name=""fromNodeID""::30",,,,,,,,,,,,,,,,,,,,,,,,,,
workflowTransitionID,FlowProcTransition::powerstone\\src\\org\\powerstone\\workflow\\model\\FlowProcTransition.java::private String workflowTransitionID;,1,"powerstone\src\org\powerstone\workflow\model\FlowProcTransition.hbm.xml::FlowProcTransition.hbm.xml::name=""workflowTransitionID""::38",,,,,,,,,,,,,,,,,,,,,,,,,,
nodeOutputParamEnume,FlowNodeOutputParamEnumeBinding::powerstone\\src\\org\\powerstone\\workflow\\model\\FlowNodeOutputParamEnumeBinding.java::private String nodeOutputParamEnume;,1,"powerstone\src\org\powerstone\workflow\model\FlowNodeOutputParamEnumeBinding.hbm.xml::FlowNodeOutputParamEnumeBinding.hbm.xml::name=""nodeOutputParamEnume""::38",,,,,,,,,,,,,,,,,,,,,,,,,,
loadUsersQuery,DaoAuthenticationService::powerstone\\src\\org\\powerstone\\acegi\\service\\DaoAuthenticationService.java::private String loadUsersQuery;,1,"powerstone\web\WEB-INF\acegi_context.xml::acegi_context.xml::<property name=""loadUsersQuery"">::291",,,,,,,,,,,,,,,,,,,,,,,,,,
flowNodeBindings,FlowDeploy::powerstone\\src\\org\\powerstone\\workflow\\model\\FlowDeploy.java::private List flowNodeBindings = new ArrayList();,1,"powerstone\src\org\powerstone\workflow\model\FlowDeploy.hbm.xml::FlowDeploy.hbm.xml::name=""flowNodeBindings""::69",,,,,,,,,,,,,,,,,,,,,,,,,,
refuseUser,FlowTaskRefuse::powerstone\\src\\org\\powerstone\\workflow\\model\\FlowTaskRefuse.java::private String refuseUser;,1,"powerstone\src\org\powerstone\workflow\model\FlowTaskRefuse.hbm.xml::FlowTaskRefuse.hbm.xml::name=""refuseUser""::38",,,,,,,,,,,,,,,,,,,,,,,,,,
logID,UserToken::powerstone\\src\\org\\powerstone\\ca\\model\\UserToken.java::private Long logID = new Long( -1);,1,"powerstone\src\org\powerstone\ca\model\UserToken.hbm.xml::UserToken.hbm.xml::name=""logID""::15",,,,,,,,,,,,,,,,,,,,,,,,,,
paramEnumeBindingID,FlowNodeOutputParamEnumeBinding::powerstone\\src\\org\\powerstone\\workflow\\model\\FlowNodeOutputParamEnumeBinding.java::private Long paramEnumeBindingID = new Long( -1);,1,"powerstone\src\org\powerstone\workflow\model\FlowNodeOutputParamEnumeBinding.hbm.xml::FlowNodeOutputParamEnumeBinding.hbm.xml::name=""paramEnumeBindingID""::15",,,,,,,,,,,,,,,,,,,,,,,,,,
loadResourcesQuery,DaoAuthenticationService::powerstone\\src\\org\\powerstone\\acegi\\service\\DaoAuthenticationService.java::private String loadResourcesQuery;,1,"powerstone\web\WEB-INF\acegi_context.xml::acegi_context.xml::<property name=""loadResourcesQuery"">::302",,,,,,,,,,,,,,,,,,,,,,,,,,
flowProcRelativeDatas,FlowProc::powerstone\\src\\org\\powerstone\\workflow\\model\\FlowProc.java::private java.util.List flowProcRelativeDatas = new ArrayList();,1,"powerstone\src\org\powerstone\workflow\model\FlowProc.hbm.xml::FlowProc.hbm.xml::name=""flowProcRelativeDatas""::62",,,,,,,,,,,,,,,,,,,,,,,,,,
flowMetaDAO,FlowMetaManagerImpl::powerstone\\src\\org\\powerstone\\workflow\\service\\impl\\FlowMetaManagerImpl.java::private WorkflowMetaDAO flowMetaDAO;,1,"powerstone\web\WEB-INF\workflow_service_context.xml::workflow_service_context.xml::<property name=""flowMetaDAO"">::61",,,,,,,,,,,,,,,,,,,,,,,,,,
authoritiesByUsernameQuery,DaoAuthenticationService::powerstone\\src\\org\\powerstone\\acegi\\service\\DaoAuthenticationService.java::private String authoritiesByUsernameQuery;,1,"powerstone\web\WEB-INF\acegi_context.xml::acegi_context.xml::<property name=""authoritiesByUsernameQuery"">::294",,,,,,,,,,,,,,,,,,,,,,,,,,
performerRule,FlowNodeBinding::powerstone\\src\\org\\powerstone\\workflow\\model\\FlowNodeBinding.java::private String performerRule = FLOW_PERFORMER_STATIC;,1,"powerstone\src\org\powerstone\workflow\model\FlowNodeBinding.hbm.xml::FlowNodeBinding.hbm.xml::name=""performerRule""::46",,,,,,,,,,,,,,,,,,,,,,,,,,
flowRolePerformers,FlowNodeBinding::powerstone\\src\\org\\powerstone\\workflow\\model\\FlowNodeBinding.java::private List flowRolePerformers = new ArrayList();,1,"powerstone\src\org\powerstone\workflow\model\FlowNodeBinding.hbm.xml::FlowNodeBinding.hbm.xml::name=""flowRolePerformers""::87",,,,,,,,,,,,,,,,,,,,,,,,,,
taskUsers,FlowTask::powerstone\\src\\org\\powerstone\\workflow\\model\\FlowTask.java::private List taskUsers = new ArrayList();,1,"powerstone\src\org\powerstone\workflow\model\FlowTask.hbm.xml::FlowTask.hbm.xml::name=""taskUsers""::76",,,,,,,,,,,,,,,,,,,,,,,,,,
toNodeID,FlowProcTransition::powerstone\\src\\org\\powerstone\\workflow\\model\\FlowProcTransition.java::private String toNodeID;,1,"powerstone\src\org\powerstone\workflow\model\FlowProcTransition.hbm.xml::FlowProcTransition.hbm.xml::name=""toNodeID""::46",,,,,,,,,,,,,,,,,,,,,,,,,,
wfDriverInputParam,FlowNodeInputParamBinding::powerstone\\src\\org\\powerstone\\workflow\\model\\FlowNodeInputParamBinding.java::private WFDriverInputParam wfDriverInputParam;,1,"powerstone\src\org\powerstone\workflow\model\FlowNodeInputParamBinding.hbm.xml::FlowNodeInputParamBinding.hbm.xml::name=""wfDriverInputParam""::46",,,,,,,,,,,,,,,,,,,,,,,,,,
convertUrlToLowercaseBeforeComparison,CacheBaseUrlDefinitionSource::powerstone\\src\\org\\powerstone\\acegi\\intercept\\web\\CacheBaseUrlDefinitionSource.java::private boolean convertUrlToLowercaseBeforeComparison = false;,1,"powerstone\web\WEB-INF\acegi_context.xml::acegi_context.xml::<property name=""convertUrlToLowercaseBeforeComparison""::264",,,,,,,,,,,,,,,,,,,,,,,,,,
useAntPath,CacheBaseUrlDefinitionSource::powerstone\\src\\org\\powerstone\\acegi\\intercept\\web\\CacheBaseUrlDefinitionSource.java::private boolean useAntPath = true;,1,"powerstone\web\WEB-INF\acegi_context.xml::acegi_context.xml::<property name=""useAntPath"" value=""true"" />::266",,,,,,,,,,,,,,,,,,,,,,,,,,
transactionState,FlowProcTransaction::powerstone\\src\\org\\powerstone\\workflow\\model\\FlowProcTransaction.java::private String transactionState = TRANSACTION_STATE_ACTIVE;,1,"powerstone\src\org\powerstone\workflow\model\FlowProcTransaction.hbm.xml::FlowProcTransaction.hbm.xml::name=""transactionState""::72",,,,,,,,,,,,,,,,,,,,,,,,,,
previewImage,FlowMetaFileStore::powerstone\\src\\org\\powerstone\\workflow\\model\\FlowMetaFileStore.java::private java.sql.Blob previewImage;,1,"powerstone\src\org\powerstone\workflow\model\FlowMetaFileStore.hbm.xml::FlowMetaFileStore.hbm.xml::name=""previewImage""::30",,,,,,,,,,,,,,,,,,,,,,,,,,
